iso3,year,pop,pop_15_64_pct,pop_65_plus_pct,IMR,urban,LA,PSR
ABW,1990,62753.0,67.3901572175749,7.21447084568466,22.3,50.319,180.0,9.340970205442629
ABW,1995,79805.0,67.3628125082326,6.2811191021892,21.8,48.767,180.0,10.724651357869362
ABW,2000,90588.0,69.7746207533672,6.77827661767771,21.3,46.717,180.0,10.293858555638664
ABW,2005,97635.0,70.1082457815982,8.13116841770137,19.9,44.875,180.0,8.622161315583396
ABW,2010,101838.0,69.7093798538659,9.48922972426296,18.0,43.059,180.0,7.346157894736846
AFG,1990,12045660.0,50.0840136613519,2.24271646385503,144.5,21.177,652230.0,22.331852674440142
AFG,1995,17065836.0,48.997366697927,2.25945281143721,124.8,21.624,652230.0,21.685501219545444
AFG,2000,20130327.0,47.713099742493,2.26197021041933,110.1,22.078,652230.0,21.0936021715546
AFG,2005,24404567.0,47.6806841112977,2.26974934650551,93.7,22.703,652230.0,21.0070262536727
AFG,2010,28284089.0,49.2260551369721,2.30661490116607,76.9,23.737,652230.0,21.34125428223268
AGO,1990,11626360.0,52.5605113105267,2.25775746913727,122.3,37.144,1246700.0,23.279963427874748
AGO,1995,13699778.0,51.6733117865122,2.4604267310025,123.2,44.169,1246700.0,21.00176816297957
AGO,2000,16194869.0,51.7076319576167,2.67386240277283,115.0,50.087,1246700.0,19.33817981957307
AGO,2005,19291161.0,52.0638895726361,2.74989158894821,94.4,56.0,1246700.0,18.93306986423771
AGO,2010,23294825.0,52.1299279990298,2.72990245687615,68.9,59.783,1246700.0,19.095894019115438
ALB,1990,3286542.0,61.9262371848884,5.37906738507965,27.2,36.428,27400.0,11.512448674031887
ALB,1995,3187784.0,62.3897713319996,6.23329211889766,22.2,38.911,27400.0,10.00912040410406
ALB,2000,3089027.0,63.0526057298341,7.33069132123503,17.9,41.741,27400.0,8.601181384788056
ALB,2005,3011487.0,65.170542224898,8.95907851317178,13.5,46.731,27400.0,7.274246132465881
ALB,2010,2913021.0,67.3838908889083,10.9200550479108,9.7,52.163,27400.0,6.170654872458727
ARE,1990,1898220.0,69.3918513133356,1.02740988926468,11.8,79.051,71020.0,67.54057172157408
ARE,1995,2434662.0,73.0619952457476,0.997776899262218,9.5,78.319,71020.0,73.22478131110424
ARE,2000,3493575.0,77.8879832423831,1.27509767571933,8.5,80.236,71020.0,61.083934764796425
ARE,2005,4664790.0,80.7422842185822,1.77435640189591,7.7,82.262,71020.0,45.50511054729964
ARE,2010,6869838.0,81.7040705422879,1.42194203445395,7.0,84.087,71020.0,57.45949452409546
ARG,1990,32755901.0,60.9510832872526,8.61060118602752,24.8,86.984,2736690.0,7.078609492001364
ARG,1995,35070020.0,61.425355617134,9.24019860838403,20.9,88.164,2736690.0,6.647622872672902
ARG,2000,37213984.0,62.1736105975646,9.65977735681297,16.7,89.142,2736690.0,6.436339917680815
ARG,2005,39216789.0,63.0960471662271,9.96522548078547,14.4,90.031,2736690.0,6.331622629902982
ARG,2010,41288694.0,63.9173106797385,10.4021031811045,12.4,90.849,2736690.0,6.144652631003005
ARM,1990,3552128.0,64.6085761279684,5.06775165024341,45.5,67.421,28470.0,12.748962574925152
ARM,1995,3307581.0,60.7186096548188,7.4566870083171,35.9,66.057,28470.0,8.142840055790726
ARM,2000,3221100.0,64.593888877069,9.14660843411173,27.8,64.666,28470.0,7.062059050890377
ARM,2005,3146400.0,67.6501512963722,11.1165828607505,21.3,63.938,28470.0,6.085516758501904
ARM,2010,3044800.0,69.9705705545878,10.7247572394866,16.4,63.44,28470.0,6.524210198154315
ATG,1990,63066.0,61.2274345333894,9.02142976064947,11.1,35.426,440.0,6.786888127251962
ATG,1995,68189.0,63.2401358000249,8.1142714680628,12.6,33.961,440.0,7.793692391107892
ATG,2000,74912.0,64.882128363947,7.36063648013669,12.2,32.127,440.0,8.814744287268772
ATG,2005,79611.0,67.0056085566602,7.10773076415799,10.8,29.218,440.0,9.427145003092694
ATG,2010,85320.0,69.0912500512772,7.15361489911569,9.5,26.238,440.0,9.658228885065936
AUS,1990,17065128.0,66.903895401096,11.0586596122525,7.6,85.433,7682300.0,6.049910002381254
AUS,1995,18004882.0,66.6181707676248,11.8465581022787,5.8,84.898,7682300.0,5.623419915934124
AUS,2000,19028802.0,66.9076069682792,12.3380926593329,5.1,84.235,7682300.0,5.422848475503082
AUS,2005,20176844.0,67.351268743388,12.8849948927024,4.8,84.582,7682300.0,5.227108687604786
AUS,2010,22031750.0,67.4018595917306,13.529289383836,4.0,85.182,7682300.0,4.98192164270345
AUT,1990,7677850.0,67.5256843612601,14.9539928677502,8.0,62.96,82520.0,4.515562161787979
AUT,1995,7948278.0,67.0408548886985,15.1506262985717,5.7,61.596,82520.0,4.42495600957557
AUT,2000,8011566.0,67.5186835573713,15.4406416730563,4.5,60.213,82520.0,4.372790003616912
AUT,2005,8227829.0,67.7734463884085,16.2126667286006,4.1,58.813,82520.0,4.180277527622896
AUT,2010,8363404.0,67.5198292810067,17.6592449706019,3.6,57.399,82520.0,3.823483359192867
AZE,1990,7175200.0,62.2042193714712,3.96225209605706,75.5,53.749,82650.0,15.699207890727658
AZE,1995,7684850.0,61.4295320102007,4.97343567532807,75.5,52.206,82663.0,12.351528404184808
AZE,2000,8048600.0,64.1307163350035,5.53451830632131,59.9,51.386,82663.0,11.587407030844204
AZE,2005,8391850.0,68.2989835817229,6.5616695016824,41.4,52.389,82659.0,10.4087814182368
AZE,2010,9054332.0,71.8007526197132,5.88788457841308,29.5,53.406,82646.0,12.194660351012717
BDI,1990,5587052.0,48.472257957125,2.82176514360658,92.6,6.271,25680.0,17.1779916081787
BDI,1995,6066316.0,48.331170021476,2.55534001196113,96.3,7.211,25680.0,18.91379221365676
BDI,2000,6470194.0,49.3379216556661,2.39968866464349,88.6,8.246,25680.0,20.560134480193494
BDI,2005,7587299.0,51.8906332806971,2.34294180313706,73.4,9.375,25680.0,22.147640718697588
BDI,2010,9376444.0,52.6291122397194,2.27387364154931,55.0,10.642,25680.0,23.14513492660938
BEL,1990,9967379.0,66.9500644917241,14.9251307704231,8.3,96.377,30280.0,4.4857271618951575
BEL,1995,10136811.0,66.1292715540138,15.8987212034015,6.4,96.777,30280.0,4.159408213276019
BEL,2000,10251250.0,65.5884814221852,16.8052483305967,4.8,97.129,30280.0,3.9028570201352304
BEL,2005,10478617.0,65.6454734618486,17.2201996099681,4.1,97.403,30280.0,3.8121203556693386
BEL,2010,10895586.0,65.9424518102042,17.1172634557158,3.7,97.651,30280.0,3.8523945127563417
BEN,1990,5281479.0,50.2503844093671,3.60323310951345,97.9,34.485,112760.0,13.945915482596265
BEN,1995,6226773.0,50.7931235007282,3.32808824089139,88.3,36.758,112760.0,15.261952155188002
BEN,2000,7221619.0,51.399049160583,3.16257337862881,79.7,38.333,112760.0,16.252286668797538
BEN,2005,8426144.0,52.3634625970944,3.06525755228356,70.9,40.543,112760.0,17.082891634370036
BEN,2010,9797484.0,53.0372644650402,3.0637865803098,63.7,43.093,112760.0,17.311017942926444
BFA,1990,9159356.0,49.6328917866665,3.42840132928552,102.9,13.815,273600.0,14.476978340517096
BFA,1995,10386722.0,49.5322225081107,3.2024731574373,100.6,15.131,273600.0,15.466865785612905
BFA,2000,11925546.0,50.5054045536114,2.94366827915754,92.4,17.844,273600.0,17.15730162641347
BFA,2005,13932123.0,51.7689568284404,2.76554037150187,80.3,21.537,273600.0,18.719291666071925
BFA,2010,16176498.0,51.7142338224256,2.70027542426055,65.7,24.633,273600.0,19.15146631258445
BGD,1990,111633717.0,53.7851879463979,3.50089256635609,96.2,19.811,130170.0,15.363278628792743
BGD,1995,122600370.0,56.3958391805832,3.41881553864805,77.8,21.693,130170.0,16.495724482077378
BGD,2000,134544304.0,59.2159179803854,3.46140181652951,59.8,23.59,130170.0,17.107496072142467
BGD,2005,144715786.0,60.5359621928184,3.72492189621939,46.0,26.809,130170.0,16.251605773065844
BGD,2010,152201981.0,61.7403305619908,4.20925466072201,36.9,30.462,130170.0,14.6677584366921
BGR,1990,8718289.0,66.5124147550005,13.1738371740457,14.6,66.377,110630.0,5.048826236143199
BGR,1995,8406067.0,67.0030621326237,15.106656548898,15.5,67.782,110630.0,4.435333650152484
BGR,2000,8170172.0,67.7423197331123,16.5832606245132,14.3,68.899,110630.0,4.084981914411712
BGR,2005,7658972.0,68.9928895194242,17.3371204434747,11.0,70.584,108640.0,3.97948954351249
BGR,2010,7395599.0,68.3958807402685,18.1472285711578,9.1,72.302,108560.0,3.768943586734402
BHR,1990,514797.0,64.3139570684727,2.11539899746793,20.0,88.14,690.0,30.402754820936668
BHR,1995,558879.0,65.5930663394142,2.25649082468283,15.6,88.388,710.0,29.06861646496342
BHR,2000,637582.0,67.9983960106365,2.24991617886124,10.5,88.372,710.0,30.22263524726189
BHR,2005,888822.0,74.1130747884418,2.14426487555275,8.8,88.422,740.0,34.5633954244281
BHR,2010,1228543.0,77.4677641101048,2.15047426568769,7.1,88.634,762.0,36.023571798164134
BHS,1990,275945.0,65.8434938909817,5.26935670035098,19.7,79.838,10010.0,12.495546920669844
BHS,1995,301461.0,65.6293848955586,5.8529959099187,15.5,80.961,10010.0,11.212955878602385
BHS,2000,323835.0,65.4919943798539,6.69368659965723,13.7,82.007,10010.0,9.784144119207436
BHS,2005,343894.0,66.225930083107,7.88484242237434,14.5,82.218,10010.0,8.399144400803964
BHS,2010,367478.0,67.5305290800117,9.15675109360437,13.4,82.427,10010.0,7.374944277690274
BIH,1990,4448652.0,68.8461021450992,6.5771271836952,16.1,39.249,51200.0,10.467503550147203
BIH,1995,3715564.0,65.8926120109071,9.29468456273603,14.0,40.817,51200.0,7.089278992326623
BIH,2000,4159771.0,69.1538225116452,10.9806993004303,8.3,42.384,51200.0,6.297761246311087
BIH,2005,4096493.0,69.6500518858448,13.487097378172,6.4,43.965,51200.0,5.164198784429994
BIH,2010,3811472.0,69.3101863676535,15.1145036765984,6.0,45.558,51200.0,4.585673989081468
BLR,1990,10189348.0,66.2883547892772,10.6389778663132,12.1,65.981,202910.0,6.230707086925125
BLR,1995,10193831.0,65.7297572087412,12.4628737332573,12.4,67.926,202910.0,5.274045024891868
BLR,2000,9979610.0,67.8605054210593,13.5188087891952,9.9,69.973,202910.0,5.019710425617993
BLR,2005,9663915.0,69.7655996218803,14.7034003515884,6.7,72.354,202910.0,4.744861593484637
BLR,2010,9483836.0,71.2064002518662,13.9454868247262,4.2,74.672,202910.0,5.106053388226857
BLZ,1990,183076.0,51.5596024590947,4.09230071746356,30.9,47.465,22810.0,12.599172450613976
BLZ,1995,204146.0,53.6099164323572,3.71327383343294,23.7,46.425,22810.0,14.437372204999644
BLZ,2000,240799.0,56.1339540446596,3.96347160910137,19.6,45.398,22810.0,14.162824811399808
BLZ,2005,279731.0,58.103782033064,3.96917747617796,17.1,45.313,22810.0,14.63874628478792
BLZ,2010,320245.0,60.4718262580212,3.98694749332542,15.5,45.228,22810.0,15.167449874686728
BOL,1990,7130142.0,55.6237901276167,4.07245717739863,90.0,55.577,1083300.0,13.658532847519735
BOL,1995,7874676.0,56.053243082842,4.60060862190448,75.1,59.15,1083300.0,12.18387558897328
BOL,2000,8606326.0,56.7106717030398,5.25496624546678,59.6,61.787,1083300.0,10.791824162897624
BOL,2005,9360754.0,58.2815902587329,5.37399580065857,45.7,64.17,1083300.0,10.845112728147392
BOL,2010,10182345.0,60.1113495957955,5.45220182580732,34.9,66.43,1083300.0,11.02515121712221
BRA,1990,149143223.0,60.3887767666118,4.12069578246945,52.0,73.922,8358140.0,14.654995164535546
BRA,1995,161735073.0,62.5514625929298,4.62992339135395,39.8,77.61,8358140.0,13.510258659946766
BRA,2000,174018282.0,64.9637360083917,5.15305600233732,29.1,81.192,8358140.0,12.606836793336903
BRA,2005,184688101.0,67.1082522335636,5.77510511688269,21.0,82.834,8358140.0,11.620265064506318
BRA,2010,193701929.0,68.6253597695835,6.66688609315066,16.0,84.335,8358140.0,10.29346516660708
BRB,1990,258582.0,64.9787397783677,10.7766796928628,16.2,37.37,430.0,6.029569554841826
BRB,1995,262039.0,66.0114219421118,10.9626602096249,13.4,35.566,430.0,6.021478425843726
BRB,2000,262063.0,66.8375543285393,11.2650393226056,13.0,33.827,430.0,5.933184289416203
BRB,2005,268706.0,67.6488429733612,11.3248308560285,13.5,32.841,430.0,5.97349698493289
BRB,2010,275243.0,68.0226781013902,11.8178994236013,12.7,31.87,430.0,5.755902606984741
BRN,1990,255292.0,62.9906871529716,2.60407179999412,10.3,66.438,5270.0,24.189305054151667
BRN,1995,291195.0,64.1146583652563,2.60203196821379,9.7,68.644,5270.0,24.640227002771574
BRN,2000,326424.0,66.8938252089307,2.79115506212778,8.3,71.164,5270.0,23.96635934584572
BRN,2005,358916.0,70.2482896392048,3.08888861027178,7.8,73.163,5270.0,22.74225409281557
BRN,2010,392332.0,71.2205479033064,3.43484599777739,8.1,74.961,5270.0,20.734713564856055
BTN,1990,589287.0,54.2627785781801,2.85005438776012,95.8,16.388,46723.0,19.039208097648142
BTN,1995,547989.0,55.118350915803,3.17469876220143,77.6,20.537,39800.0,17.361757774328893
BTN,2000,596863.0,57.6424573143251,3.76166725027351,60.1,25.418,39800.0,15.32364600035634
BTN,2005,661865.0,62.0835350988985,4.69219199369056,44.1,30.965,38117.0,13.231243560020612
BTN,2010,701632.0,65.4633768129162,5.11486078172033,31.4,34.793,38117.0,12.798662486938357
BWA,1990,1305696.0,51.6339561429307,3.22678479523564,38.9,41.933,566730.0,16.00167331244663
BWA,1995,1498836.0,54.544960222466,3.22717095132489,41.3,48.981,566730.0,16.901788298532185
BWA,2000,1677382.0,58.2747524789367,3.34229074167639,42.5,53.219,566730.0,17.435572480958935
BWA,2005,1839877.0,61.1046281898192,3.41925030858041,43.0,55.944,566730.0,17.870767763471626
BWA,2010,2033111.0,62.526188320802,3.39858556630345,50.5,62.412,566730.0,18.39770901775766
CAF,1990,2871910.0,52.495839440623,2.97007966302559,109.0,36.825,622980.0,17.674892729020616
CAF,1995,3348052.0,51.8415113984955,2.56069836440688,105.6,37.231,622980.0,20.245067564021056
CAF,2000,3833416.0,52.2298711867077,2.31739754863579,99.8,37.639,622980.0,22.538157605912065
CAF,2005,4288810.0,52.7749244225176,2.17168606540205,90.5,38.069,622980.0,24.30135978827457
CAF,2010,4492995.0,52.1944991932442,1.85814786593933,88.1,38.904,622980.0,28.089529444880245
CAN,1990,27691138.0,68.0455122480417,11.2396227452206,6.8,76.582,8965590.0,6.054074392930718
CAN,1995,29302311.0,67.6288199467116,11.9590423091733,5.8,77.675,8965590.0,5.655036431707935
CAN,2000,30685730.0,68.2568366113173,12.5363093892577,5.3,79.478,8965590.0,5.444731339337096
CAN,2005,32242732.0,69.2461072880222,13.0466474392723,5.2,80.122,8965590.0,5.307578641205661
CAN,2010,34005902.0,69.3276453126297,14.1094023482861,5.0,80.937,8965590.0,4.913577740665329
CHE,1990,6715519.0,68.3265126639817,14.5804971806923,6.6,73.926,39529.27,4.686157942162675
CHE,1995,7040687.0,67.6152292227338,14.7405129836719,5.2,73.654,39529.67,4.587033660065382
CHE,2000,7184250.0,67.2933202385048,15.3331918616722,4.7,73.383,39523.581,4.388735290446301
CHE,2005,7437115.0,68.0075198238709,15.8531022603741,4.3,73.478,39517.47,4.289855619859356
CHE,2010,7824909.0,68.0152780176375,16.8296381939452,3.9,73.607,39513.225,4.041398705891809
CHL,1990,13437176.0,64.2017749860536,6.03834466408716,16.0,83.271,743532.0,10.632346869480864
CHL,1995,14527381.0,64.1746793804513,7.23004692896652,11.0,84.545,743532.0,8.876108275776375
CHL,2000,15503635.0,65.0094026336404,8.17687271404416,9.2,86.073,743532.0,7.950399242730503
CHL,2005,16348778.0,66.8165157914712,9.08977750782895,7.7,86.783,743532.0,7.35073171306148
CHL,2010,17181464.0,68.4593612046098,9.99766376136516,7.5,87.074,743532.0,6.847535868245865
CHN,1990,1135185000.0,65.8569801882713,5.34515741412924,43.3,26.442,9388250.0,12.320868233774892
CHN,1995,1204855000.0,66.5129477763825,6.05307366965255,38.7,30.961,9388240.0,10.98829312285578
CHN,2000,1262645000.0,68.43842782702,7.01747574076251,30.0,35.877,9388220.0,9.752570632981422
CHN,2005,1303720000.0,71.815903350805,7.88962840533466,19.4,42.522,9388211.8,9.10257107955121
CHN,2010,1337705000.0,72.8644787380355,8.66147143784386,12.5,49.226,9388211.0,8.412482712772645
CIV,1990,12189778.0,49.7748297702727,2.44712834176013,100.6,39.345,318000.0,20.340097787626245
CIV,1995,14855565.0,50.8593463412313,2.48572849587776,98.4,41.21,318000.0,20.46053960662822
CIV,2000,17699004.0,51.5322980886382,2.42956891811539,91.4,43.155,318000.0,21.210469768691173
CIV,2005,20068458.0,51.3868741531331,2.28438832431441,80.2,45.234,318000.0,22.494806861944245
CIV,2010,22488065.0,53.6920440618622,2.30599881105819,68.8,47.33,318000.0,23.28363909139384
CLI,1990,57247586.0,64.9810315399239,15.8723467853831,7.9,78.14,241930.0,4.09397755848966
CLI,1995,58019030.0,64.513311488528,15.9941182331737,6.1,78.353,241930.0,4.033564748491089
CLI,2000,58892514.0,65.1756704645238,15.8897578485505,5.5,78.651,241930.0,4.101740950726274
CLI,2005,60401206.0,65.8641896604977,15.9578367640377,5.1,79.915,241930.0,4.127388356855992
CLI,2010,62766365.0,65.9030603247605,16.3383853690104,4.4,81.302,241930.0,4.033633607991717
CMR,1990,11331821.0,50.1951186839256,3.63251855107842,80.8,39.657,472710.0,13.818269054406812
CMR,1995,13058516.0,50.6287812489566,3.47459466297702,85.8,42.573,472710.0,14.5711330845072
CMR,2000,14912631.0,51.7668545543707,3.32752148162185,82.8,45.542,472710.0,15.557181175323109
CMR,2005,17074594.0,52.7519805156128,3.17184115768726,73.3,48.541,472710.0,16.631343719014218
CMR,2010,19668066.0,53.2907150098032,3.00754786972954,63.9,51.559,472710.0,17.718991456849356
COD,1990,36684063.0,52.7606422336501,2.86497432325075,102.4,30.633,2267050.0,18.41574697737085
COD,1995,44433704.0,53.0872921027775,2.88981982134755,98.3,32.838,2267050.0,18.370450541799663
COD,2000,50507442.0,51.37496224195,2.9571711724895,91.2,35.122,2267050.0,17.373009286675785
COD,2005,58775724.0,51.0866752480439,3.03606295827115,78.6,37.481,2267050.0,16.826619194067902
COD,2010,68563038.0,50.8243133189658,3.11379145067778,65.9,40.013,2267050.0,16.32232412607558
COG,1990,2380560.0,52.4695659844743,3.35864250428471,57.2,54.324,341500.0,15.622253906909554
COG,1995,2749461.0,53.4131332310466,3.29199128338087,66.9,56.413,341500.0,16.225174562488935
COG,2000,3151345.0,54.4199771177105,3.12687072870937,73.3,58.695,341500.0,17.403974081196697
COG,2005,3696393.0,55.8680854551992,2.98408475505716,56.3,60.988,341500.0,18.722016980422207
COG,2010,4462290.0,56.8188531000899,2.75270096744048,41.0,63.256,341500.0,20.64112803103393
COL,1990,32440069.0,60.2080171316531,3.92438135572987,29.6,69.481,1109500.0,15.342040355926471
COL,1995,35804662.0,61.3920044631059,4.20179494779486,25.3,71.777,1109500.0,14.610899681176726
COL,2000,39089934.0,62.9670006605793,4.55122154977289,21.6,73.957,1109500.0,13.835186877184965
COL,2005,42128977.0,64.6275282212526,4.98930462992254,18.8,76.024,1109500.0,12.953213526722651
COL,2010,44777319.0,66.6986616594888,5.84187164041688,16.3,77.964,1109500.0,11.417344605457496
COM,1990,444596.0,48.9802551302136,4.05952363547621,93.5,27.869,1861.0,12.065517910075643
COM,1995,490586.0,47.9596849482048,4.17154178879952,77.6,28.301,1861.0,11.496872709504023
COM,2000,536080.0,48.8087121406433,4.18342801767275,64.8,28.08,1861.0,11.66715715782668
COM,2005,592677.0,50.900743575337,4.06967032633289,54.6,27.875,1861.0,12.507338308457724
COM,2010,654836.0,54.1829557324277,4.20540410117953,47.0,27.973,1861.0,12.884125860159427
CPV,1990,375428.0,49.5951958894969,4.67159525715283,42.1,44.12,4030.0,10.616329788750448
CPV,1995,418104.0,50.7077776010543,4.6904541807132,41.8,48.768,4030.0,10.810845953801431
CPV,2000,453317.0,53.3692169395622,4.84880905766929,29.4,53.435,4030.0,11.00666499852142
CPV,2005,485115.0,57.9805221643093,5.08621142800014,23.9,57.689,4030.0,11.39955013374401
CPV,2010,509784.0,62.9037367750491,4.90795620502389,23.8,61.821,4030.0,12.816686650679458
CRI,1990,3121706.0,59.5223413095275,4.51038630799954,14.4,50.003,51060.0,13.196728006193116
CRI,1995,3535176.0,60.8567861967834,5.02458717755495,12.7,54.561,51060.0,12.111798252527755
CRI,2000,3937739.0,63.3093254784027,5.56966827918255,11.2,59.052,51060.0,11.366803605706746
CRI,2005,4261240.0,65.9298232439384,6.36375796716449,9.7,65.672,51060.0,10.360202821056513
CRI,2010,4555962.0,67.7790991233026,7.37013390366294,9.0,71.736,51060.0,9.19645423126119
CUB,1990,10631799.0,68.8470940408536,8.36352303295411,10.8,73.364,107400.0,8.231829310397186
CUB,1995,10925362.0,69.037163253721,8.84435225121145,8.5,74.277,107400.0,7.805790779563837
CUB,2000,11109109.0,68.9200893122972,9.8186726684684,6.8,75.323,107400.0,7.019287803903125
CUB,2005,11262554.0,69.4932827847041,11.1548632752393,5.6,76.134,106440.0,6.229864147143776
CUB,2010,11297409.0,69.6395562911815,12.6387607990469,4.9,76.597,106440.0,5.509998756874415
CUW,1990,145400.0,65.3710201971883,6.85535782508612,15.7,84.678,444.0,9.535756099845464
CUW,1995,145139.0,64.6072989832506,7.67883163875108,14.9,87.68,444.0,8.413688699360339
CUW,2000,133860.0,64.323139453784,9.13566758401275,15.1,90.752,444.0,7.040880030086504
CUW,2005,137658.0,66.1417062644981,10.2182231533312,14.0,90.534,444.0,6.472916599295007
CUW,2010,148703.0,67.558755473964,11.9356319201423,11.6,89.905,444.0,5.660257950813094
CYP,1990,788351.0,65.4799483224784,9.67222066834485,9.9,66.776,9240.0,6.769898099697057
CYP,1995,862695.0,65.6531566776207,9.74828879267876,8.0,68.038,9240.0,6.734839116269111
CYP,2000,947667.0,67.7746337978603,9.94469045808837,5.8,68.648,9240.0,6.815157704857147
CYP,2005,1036151.0,69.7420213163809,10.3365193217401,3.9,68.268,9240.0,6.747147578943449
CYP,2010,1127816.0,71.6949964821405,11.3182862637672,2.8,67.551,9240.0,6.334439226162265
CZE,1990,10333355.0,66.0204629426639,12.5582891108838,10.3,75.22,77210.0,5.257122396190611
CZE,1995,10327253.0,68.1681102458606,13.1592456101689,7.1,74.643,77210.0,5.180244541767896
CZE,2000,10255063.0,69.7775985551741,13.7609941540348,4.5,73.988,77210.0,5.0706800521904825
CZE,2005,10211216.0,71.2328489290407,14.0575832897421,3.5,73.602,77210.0,5.06721870045897
CZE,2010,10474410.0,70.1383514992853,15.4590024087743,2.7,73.255,77210.0,4.537055473869118
DEU,1990,79433029.0,69.0458972861167,14.8673064129016,7.0,73.118,349130.0,4.644143018818784
DEU,1995,81678051.0,68.3513415565947,15.3977997568773,5.3,73.922,349100.0,4.43903302003042
DEU,2000,82211508.0,67.885670642617,16.4607313825805,4.4,74.965,348950.0,4.12409807710347
DEU,2005,82469422.0,66.6481280445416,18.8586850514415,3.9,75.98,348760.0,3.5340813987159305
DEU,2010,81776930.0,65.7386429233445,20.5654453486144,3.5,76.966,348570.0,3.1965581979372817
DJI,1990,579538.0,53.2625528761247,2.99358886424284,88.2,75.957,23180.0,17.792207043633645
DJI,1995,633074.0,54.3388292679845,3.12238379715484,85.0,76.3,23180.0,17.402994890474005
DJI,2000,747318.0,57.2685541706782,3.1642465695684,80.9,76.532,23180.0,18.098638305070384
DJI,2005,839167.0,58.20587558853,3.36774444180956,73.3,76.761,23180.0,17.28334099996458
DJI,2010,930251.0,59.9689438823802,3.66669658689075,64.9,76.999,23180.0,16.35503305530717
DNK,1990,5140939.0,67.3525318394678,15.5874849859707,7.3,84.843,40000.0,4.320936437153749
DNK,1995,5233373.0,67.3743063729612,15.2319160157146,5.4,84.979,40000.0,4.423232527244234
DNK,2000,5339616.0,66.6824666783466,14.8179045532594,4.7,85.1,40000.0,4.500127966047594
DNK,2005,5419432.0,66.1417096183828,15.0928272794378,4.1,85.856,40000.0,4.382327339589521
DNK,2010,5547683.0,65.4503784115053,16.5574489274022,3.5,86.795,40000.0,3.952926486349381
DOM,1990,7151166.0,57.4227655617815,3.51664354572692,48.0,55.226,48310.0,16.3288558578978
DOM,1995,7888115.0,58.806136903041,3.86657624371753,39.5,57.598,48310.0,15.208839344262271
DOM,2000,8584190.0,60.3940907645334,4.28668866835427,33.6,61.753,48310.0,14.088751350286346
DOM,2005,9225034.0,62.063549034074,4.72540805811664,31.2,67.37,48310.0,13.134008379968368
DOM,2010,9820175.0,64.0677431919492,5.06185989557213,30.7,73.753,48310.0,12.656957030358065
DZA,1990,25375810.0,54.7842196958442,3.23175890740039,39.8,52.085,2381740.0,16.95182755446084
DZA,1995,28470191.0,57.1632757427457,3.75329768165759,38.8,55.997,2381740.0,15.230147084283589
DZA,2000,30903893.0,61.9114210289206,4.3831209935771,34.7,59.919,2381740.0,14.124962810664782
DZA,2005,33109249.0,66.250126966033,4.75825199176218,29.0,63.83,2381740.0,13.923206900502509
DZA,2010,36188236.0,67.6481822386726,4.89358620427901,24.4,67.54,2381740.0,13.823846033307891
ECU,1990,10473673.0,57.5946470736675,3.67493810433073,42.6,55.09,276840.0,15.672276767272653
ECU,1995,11590514.0,58.7320476584538,4.17327030650796,32.7,57.766,276840.0,14.073386899205826
ECU,2000,12689206.0,59.903604681948,4.70853356421724,24.1,60.299,248360.0,12.722348447760623
ECU,2005,13846163.0,61.307936404762,5.22264923584423,19.5,61.711,248360.0,11.738857739859627
ECU,2010,15076695.0,62.8244552270906,5.84280241790392,16.0,62.69,248360.0,10.752452459213671
EGY,1990,58396618.0,55.1751164767795,3.88088998578651,67.3,43.478,995450.0,14.21712975087017
EGY,1995,65652622.0,56.7567198096314,3.91184525797123,52.9,42.814,995450.0,14.5089378711945
EGY,2000,73083284.0,59.0341582077784,4.02584673124432,39.6,42.797,995450.0,14.663786812751304
EGY,2005,81101004.0,61.4324741370185,3.97614068980047,31.2,43.027,995450.0,15.450276770790346
EGY,2010,89196072.0,62.1827160607324,3.92986585816321,25.6,43.019,995450.0,15.823114148175057
ERI,1990,2032737.0,52.7245531517358,2.72991538010082,80.3,18.905,101000.0,19.313621783320112
ERI,1995,2025267.0,53.5858481869304,2.95763472174286,63.7,22.514,101000.0,18.117804674457435
ERI,2000,2247031.0,51.5953941000369,3.16749079118179,50.8,26.587,101000.0,16.28904312640059
ERI,2005,2661215.0,53.6818621723277,3.37460584255797,43.3,31.099,101000.0,15.907594746424238
ERI,2010,2945186.0,53.7690737072169,3.66032847155859,37.5,35.175,101000.0,14.689685399824704
ESP,1990,38867322.0,66.6658897270995,13.5444757434819,7.4,75.351,499440.0,4.921998532071762
ESP,1995,39724050.0,68.3188171595013,15.0565114307106,5.5,75.856,499440.0,4.537493128730481
ESP,2000,40567864.0,68.6362927226721,16.547877414587,4.4,76.262,499000.0,4.147739979157025
ESP,2005,43653155.0,68.9483832449344,16.5458746280758,3.8,77.263,499090.0,4.167104175196615
ESP,2010,46576897.0,68.1859842081222,16.8924601879808,3.2,78.442,500010.0,4.036474465491853
EST,1990,1569174.0,66.1253063500145,11.6149839823958,14.0,71.231,42390.0,5.693103533352868
EST,1995,1436634.0,65.7878669609995,13.5138772158425,12.5,70.3,42390.0,4.86817113329071
EST,2000,1396985.0,67.3755920735692,14.9933750752507,8.8,69.368,42390.0,4.493690829143926
EST,2005,1354775.0,68.0711297765985,16.7234688774936,5.6,68.735,42390.0,4.07039533934305
EST,2010,1331475.0,67.3236704236026,17.4402915321171,3.6,68.094,42390.0,3.8602376743314726
ETH,1990,47609755.0,51.0499030193487,2.73668077830563,126.7,12.621,1128570.0,18.653948763054267
ETH,1995,57537335.0,50.6018483476859,2.70218459023172,110.0,13.827,1127127.0,18.72627374554995
ETH,2000,67411494.0,49.6365857134096,2.61417882238302,92.2,14.74,1127127.0,18.987448482258813
ETH,2005,78367470.0,49.9314138255872,2.63413121136786,74.4,15.7,1127127.0,18.955553015014257
ETH,2010,90538514.0,51.5467227104408,2.74347612300924,59.3,17.319,1127127.0,18.788835914453188
FIN,1990,4986431.0,67.2981555476454,13.384948586956,5.6,79.367,304590.0,5.027897948986468
FIN,1995,5107790.0,66.7542821959417,14.2161612671296,4.3,80.963,304590.0,4.695661574287988
FIN,2000,5176209.0,66.9298133003516,14.9164594925449,3.5,82.183,304590.0,4.486977176708887
FIN,2005,5246096.0,66.7043709953447,15.9351969717591,3.0,82.905,304590.0,4.18597718707591
FIN,2010,5363352.0,66.1834985425622,17.2594164785613,2.4,83.77,303900.0,3.8346312938662623
FJI,1990,773316.0,58.3815671730573,2.96288968545847,21.4,41.611,18270.0,19.70426623022365
FJI,1995,798746.0,59.8617082276468,3.05109509155601,18.0,45.496,18270.0,19.61974518372624
FJI,2000,840909.0,62.2443688912831,3.43776793921816,16.6,47.908,18270.0,18.10604147569051
FJI,2005,882379.0,63.842634514194,3.92008422684583,17.3,49.871,18270.0,16.286036426712936
FJI,2010,910419.0,64.7473855444581,4.5022676372088,16.8,52.171,18270.0,14.38106100342771
FRA,1990,58261012.0,65.8792865027227,13.9827709266386,7.4,74.056,538950.0,4.7114614727196855
FRA,1995,59541294.0,65.3756466308725,15.1008202937428,5.3,74.912,538950.0,4.329277837837833
FRA,2000,60918661.0,65.0652073832677,16.0086458283083,4.1,75.871,538950.0,4.064379216149066
FRA,2005,63180854.0,65.0595224031689,16.4377318294942,3.4,77.13,538950.0,3.9579379368163607
FRA,2010,65026211.0,64.6865895755283,16.7822818238459,3.1,78.369,538950.0,3.854457352969445
FSM,1990,100888.0,51.064293750031,2.74213612056875,41.8,25.818,700.0,18.6220856678113
FSM,1995,110230.0,53.3797514288306,3.5312528349814,38.0,25.068,700.0,15.11637764932563
FSM,2000,112044.0,56.4755810217415,3.15411802506158,33.4,22.33,700.0,17.90534804753823
FSM,2005,111412.0,58.552489857466,3.46372024557498,31.5,22.33,700.0,16.90450894013995
FSM,2010,107540.0,61.0701184216032,3.25461807056942,30.3,22.298,700.0,18.764142857142843
GAB,1990,983734.0,51.8615804678907,5.7407795196669,58.9,69.143,257670.0,9.033891702376316
GAB,1995,1123213.0,52.4503155012965,5.29289871685011,55.6,74.797,257670.0,9.90956341830598
GAB,2000,1275572.0,54.2533646656697,4.92288756617127,50.8,78.879,257670.0,11.02063858587466
GAB,2005,1463495.0,56.4542413879105,4.57582704416482,44.4,82.452,257670.0,12.337494586886104
GAB,2010,1719879.0,58.4287615582259,4.23326292140319,38.7,85.533,257670.0,13.8022992294697
GBR,1990,57247586.0,64.9810315399239,15.8723467853831,7.9,78.14,241930.0,4.09397755848966
GBR,1995,58019030.0,64.513311488528,15.9941182331737,6.1,78.353,241930.0,4.033564748491089
GBR,2000,58892514.0,65.1756704645238,15.8897578485505,5.5,78.651,241930.0,4.101740950726274
GBR,2005,60401206.0,65.8641896604977,15.9578367640377,5.1,79.915,241930.0,4.127388356855992
GBR,2010,62766365.0,65.9030603247605,16.3383853690104,4.4,81.302,241930.0,4.033633607991717
GEO,1990,4802000.0,65.5625687356134,8.90255635689434,38.2,55.038,69490.0,7.364465453211118
GEO,1995,4657722.0,64.3019337387273,10.769644295287,36.1,53.841,69490.0,5.970664580525379
GEO,2000,4077131.0,65.1920312506498,12.4064252541033,29.4,52.638,69490.0,5.254699070474647
GEO,2005,3902469.0,66.1673825317656,14.5094136281209,19.2,53.605,69490.0,4.560307137672721
GEO,2010,3786695.0,67.6946640008039,13.7529102527526,11.7,55.535,69490.0,4.922206482606475
GHA,1990,15394648.0,52.1226223515269,2.60957890659212,72.6,36.441,227540.0,19.973575897574392
GHA,1995,17399017.0,53.019384745109,2.81681151345537,67.8,40.14,227540.0,18.82248226118273
GHA,2000,19637087.0,54.5911162892948,3.14081207665882,61.8,43.929,227540.0,17.38121064134743
GHA,2005,22449438.0,56.2685199513681,3.33811029033333,53.4,47.308,227540.0,16.85639929702543
GHA,2010,25474995.0,57.512112514882,3.37978679445839,45.7,50.713,227540.0,17.016491279621768
GIN,1990,6434374.0,52.5175487156948,4.18832508026422,133.7,28.026,245720.0,12.539033553809473
GIN,1995,7553249.0,52.1124053958498,4.07735769882883,115.8,29.475,245720.0,12.780925600620824
GIN,2000,8428832.0,51.1537334682749,3.95906004290156,97.0,30.869,245720.0,12.920676350941315
GIN,2005,9245844.0,50.862514505841,3.8268705470874,81.4,32.257,245720.0,13.290889743984687
GIN,2010,10396086.0,51.8702567485494,3.65047480369054,74.4,33.678,245720.0,14.209180870419884
GLP,1990,58261012.0,65.8792865027227,13.9827709266386,7.4,74.056,538950.0,4.7114614727196855
GLP,1995,59541294.0,65.3756466308725,15.1008202937428,5.3,74.912,538950.0,4.329277837837833
GLP,2000,60918661.0,65.0652073832677,16.0086458283083,4.1,75.871,538950.0,4.064379216149066
GLP,2005,63180854.0,65.0595224031689,16.4377318294942,3.4,77.13,538950.0,3.9579379368163607
GLP,2010,65026211.0,64.6865895755283,16.7822818238459,3.1,78.369,538950.0,3.854457352969445
GMB,1990,1054696.0,50.3027177038302,3.99868966919836,99.1,38.312,10120.0,12.579800350927124
GMB,1995,1264313.0,49.9715062533986,3.49233278955954,86.0,43.362,10120.0,14.308918784255123
GMB,2000,1455084.0,50.1439950738256,3.02332957295607,73.2,47.868,10120.0,16.58568603382434
GMB,2005,1667037.0,51.3737547516942,2.73692185596361,61.6,52.02,10120.0,18.770632650601065
GMB,2010,1926630.0,52.844592071283,2.65655643703161,51.7,55.662,10120.0,19.89213981477865
GNB,1990,973669.0,49.1824998112809,5.1627888107823,123.3,30.83,28120.0,9.52634353521589
GNB,1995,1119949.0,50.3766018021348,4.2747463166866,112.9,34.371,28120.0,11.78469973890339
GNB,2000,1234741.0,51.7593777801894,3.59018757382624,100.3,36.243,28120.0,14.416900709459837
GNB,2005,1381585.0,53.0157561728898,3.1194956808681,85.0,38.157,28120.0,16.99497662331639
GNB,2010,1566347.0,53.9829469405397,2.83925044682004,67.8,40.111,28120.0,19.01309798189892
GNQ,1990,474274.0,54.5210152780882,3.86738467636851,118.5,34.745,28050.0,14.097644749754672
GNQ,1995,571264.0,53.4569423742284,3.54739975510426,115.9,40.494,28050.0,15.069331359486794
GNQ,2000,703279.0,53.9386928942852,3.32656029826001,106.5,49.092,28050.0,16.214554391964082
GNQ,2005,947367.0,56.8873519976947,3.59580817149004,90.6,57.74,28050.0,15.820463518809342
GNQ,2010,1189085.0,58.2811153113528,3.3841987746881,75.1,65.94,28050.0,17.221540220173445
GRC,1990,10196792.0,66.9572374561668,13.6380491587112,9.2,71.467,128900.0,4.909590563647321
GRC,1995,10562153.0,67.1459743577349,15.528088094243,7.4,72.119,128900.0,4.32416237918106
GRC,2000,10805808.0,67.1519206576129,17.0253560470145,5.5,72.716,128900.0,3.94423003384933
GRC,2005,10987314.0,66.6765015378141,18.324814559179,3.9,74.452,128900.0,3.638590792964695
GRC,2010,11121341.0,66.2088808027564,19.1578896272878,3.3,76.292,128900.0,3.4559589856103394
GRD,1990,99957.0,60.0183078723851,7.14607281130886,18.4,33.427,340.0,8.398782024359512
GRD,1995,103869.0,58.9083364622746,7.61247340399927,15.1,34.47,340.0,7.73839635765777
GRD,2000,107451.0,58.5946152199607,8.49131231910359,13.3,35.698,340.0,6.900537045155631
GRD,2005,109734.0,63.1537939298944,9.19400917669466,13.0,35.895,340.0,6.869015759738325
GRD,2010,111586.0,66.3586829889054,9.63561737135483,13.9,35.865,340.0,6.886811755952379
GTM,1990,9024773.0,51.2278314368683,3.33593432211536,60.5,41.992,107160.0,15.35636690964109
GTM,1995,10312996.0,51.537399995113,3.62709827483691,49.3,43.654,107160.0,14.208989139515484
GTM,2000,11697592.0,52.4210495630212,3.73815397220214,40.8,45.332,107160.0,14.023245150637829
GTM,2005,13087629.0,54.1536306596722,3.78118923531486,34.0,46.913,107160.0,14.32185148362796
GTM,2010,14500112.0,56.8220039672106,3.89839389177153,28.2,48.403,107160.0,14.575747229428687
GUF,1990,58261012.0,65.8792865027227,13.9827709266386,7.4,74.056,538950.0,4.7114614727196855
GUF,1995,59541294.0,65.3756466308725,15.1008202937428,5.3,74.912,538950.0,4.329277837837833
GUF,2000,60918661.0,65.0652073832677,16.0086458283083,4.1,75.871,538950.0,4.064379216149066
GUF,2005,63180854.0,65.0595224031689,16.4377318294942,3.4,77.13,538950.0,3.9579379368163607
GUF,2010,65026211.0,64.6865895755283,16.7822818238459,3.1,78.369,538950.0,3.854457352969445
GUM,1990,249623000.0,66.120737652688,12.3050798148742,9.4,75.3,9158960.0,5.373450529980491
GUM,1995,266278000.0,65.8028464034546,12.4053596836067,7.9,77.257,9158960.0,5.304388432236352
GUM,2000,282162411.0,66.6507446322982,12.1858169904893,7.1,79.057,9161920.0,5.469534351641527
GUM,2005,295516599.0,67.5239128010789,12.1307281353119,6.8,79.928,9161920.0,5.566352823003295
GUM,2010,309378227.0,67.4553923662808,12.8447616637143,6.2,80.772,9147420.0,5.251587700287063
GUY,1990,749894.0,59.1557334474829,3.95009424671637,52.6,29.583,196850.0,14.975777729014396
GUY,1995,758388.0,59.7276458274958,3.87394307000049,46.5,29.137,196850.0,15.41779131707484
GUY,2000,764832.0,59.5692256600142,3.8441775448726,41.3,28.694,196850.0,15.495961090420549
GUY,2005,760914.0,60.6012637433402,4.09599507960164,37.2,27.822,196850.0,14.795248179163837
GUY,2010,749256.0,63.1774298921664,4.61337339082143,33.9,26.634,196850.0,13.694410692588098
HKG,1990,5704500.0,70.1680772765946,8.61977589816345,5.9,99.517,990.0,8.140359808141275
HKG,1995,6156100.0,71.0521525177618,9.95026228717068,4.4,100.0,1050.0,7.1407316176350975
HKG,2000,6665000.0,71.9084953399604,11.1115337025092,2.9,100.0,1050.0,6.471518447873857
HKG,2005,6813200.0,73.1462291448517,12.3636133879406,2.4,100.0,1050.0,5.916250116345285
HKG,2010,7024200.0,74.5728895264276,13.1975717642897,1.7,100.0,1050.0,5.650500778348384
HND,1990,4980488.0,50.7007245073174,3.17573298038265,44.5,40.46,111890.0,15.965046438258288
HND,1995,5739637.0,52.1886094722881,3.00279416600787,36.1,42.941,111890.0,17.38001560782016
HND,2000,6577773.0,53.9520483567956,2.95559781065703,29.6,45.458,111890.0,18.25419147431364
HND,2005,7478355.0,56.0728432972788,2.96412131839966,24.1,48.585,111890.0,18.9171890331239
HND,2010,8365878.0,58.8814502722518,3.04945297131114,20.2,51.885,111890.0,19.30885664615945
HRV,1990,4777368.0,68.601883469831,11.5988604497705,11.2,51.037,55960.0,5.914536498384061
HRV,1995,4620030.0,68.2786684735548,13.6736257836583,8.6,52.279,55960.0,4.993457445292703
HRV,2000,4468302.0,67.1668587756029,15.916732940686,7.2,53.428,55960.0,4.219889786798676
HRV,2005,4310145.0,66.6838203352569,17.4721125391927,5.8,54.315,55960.0,3.8165860130350335
HRV,2010,4295427.0,66.8289063924947,17.8775514569316,4.7,55.155,55960.0,3.7381464991719193
HTI,1990,6854441.0,54.3064999757092,3.83730051801453,98.0,28.51,27560.0,14.15226660532913
HTI,1995,7562546.0,54.8104302439946,3.61718791528673,83.8,32.59,27560.0,15.152773792137875
HTI,2000,8303151.0,55.9758939708552,3.57857516983613,70.7,35.6,27560.0,15.641950025998325
HTI,2005,9061273.0,57.8562360939793,3.73855858884287,61.7,42.638,27560.0,15.475546181526212
HTI,2010,9803294.0,59.839677357427,3.91455667860211,78.6,47.509,27560.0,15.286450617645873
HUN,1990,10373988.0,66.3650179587664,13.4122176251659,15.2,65.838,89870.0,4.9481017840213815
HUN,1995,10328965.0,67.6307311551879,14.1840847646973,10.9,65.209,89860.0,4.768071558872357
HUN,2000,10210971.0,68.2530944327662,14.9079600272781,8.7,64.575,89620.0,4.57829872818809
HUN,2005,10087065.0,68.9108791772778,15.5256869215135,6.4,66.365,89610.0,4.438507585889161
HUN,2010,10000023.0,68.8006623023243,16.4983294883917,5.1,68.911,90530.0,4.170159309203562
IDN,1990,183501098.0,60.0810534661789,4.03526796345183,64.3,30.584,1811570.0,14.888987301548283
IDN,1995,199888057.0,62.2928622493939,4.49074853931868,51.8,36.076,1811570.0,13.871376164572498
IDN,2000,216077790.0,64.184485133803,5.01249966505118,41.3,42.002,1877519.0,12.804885670380914
IDN,2005,230871650.0,65.4101064379277,5.53638742565404,33.2,45.942,1877519.0,11.814582580481256
IDN,2010,246305322.0,66.1962744759531,5.88111754239724,27.1,49.914,1877519.0,11.255730564597831
IND,1990,864972221.0,57.4019050737805,4.03787048090769,84.3,25.547,2973190.0,14.215885661809756
IND,1995,960301044.0,58.4681391112119,4.18355923613031,75.6,26.607,2973190.0,13.97569289954491
IND,2000,1057922733.0,60.0363292788794,4.41058746962383,66.3,27.667,2973190.0,13.611866830066466
IND,2005,1154676322.0,61.7634053727483,4.67467509912271,56.7,29.235,2973190.0,13.212341834053742
IND,2010,1243481564.0,63.7171853960836,4.94044719106105,46.7,30.93,2973190.0,12.897048168305425
IRL,1990,3513974.0,61.5094458821782,11.4059888139446,7.6,56.929,68890.0,5.392732439556552
IRL,1995,3608841.0,64.4002806106411,11.398519454831,6.1,57.949,68890.0,5.64988118552068
IRL,2000,3805174.0,67.0306120704731,11.1884415470003,6.0,59.155,68890.0,5.9910588788341546
IRL,2005,4159914.0,68.3805366853385,11.0134951064717,4.4,60.477,68890.0,6.208795302878651
IRL,2010,4560155.0,67.5334058625863,11.378359230371,3.6,61.542,68890.0,5.935249933252839
IRN,1990,58380092.0,52.6627814552158,3.23523131168782,48.6,56.33,1628760.0,16.277902994126755
IRN,1995,62205567.0,54.2749606317389,3.65751669782224,39.3,60.236,1628760.0,14.839292644666616
IRN,2000,66418659.0,62.2474085181395,4.19808912432273,31.5,64.042,1628760.0,14.827557651764184
IRN,2005,71828455.0,69.0646012085322,4.68743550171029,23.3,67.558,1628760.0,14.733984325401984
IRN,2010,77420842.0,71.3964621348573,5.1594491496266,17.2,70.626,1628760.0,13.838000930782387
IRQ,1990,17581206.0,51.1054176575093,3.68551235010591,54.8,69.706,437370.0,13.866570724160152
IRQ,1995,20825860.0,52.2733382373324,3.30645401182823,41.5,68.78,437370.0,15.80948594788682
IRQ,2000,24424056.0,53.2437425626604,3.08035037259987,38.4,68.496,437370.0,17.284963112076674
IRQ,2005,28407448.0,54.3810754422383,2.99116268749022,35.0,68.766,437370.0,18.180580972634274
IRQ,2010,31045366.0,55.758390801384,2.99874222774504,30.9,69.103,434320.0,18.593925908500832
ISL,1990,254826.0,64.4153927956882,10.6322363425531,5.1,90.75,100250.0,6.058498957352961
ISL,1995,267468.0,64.3482486636014,11.2289260214571,4.2,91.63,100250.0,5.730579090167643
ISL,2000,281205.0,65.142029294653,11.5722767349261,3.2,92.401,100250.0,5.629145481636201
ISL,2005,296734.0,66.214675180951,11.7210095187722,2.4,93.037,100250.0,5.649229707978868
ISL,2010,318041.0,66.9351391447017,12.1351655466781,2.1,93.574,100250.0,5.515799425004517
ISR,1990,4660000.0,59.4940724959455,9.24083811679607,9.6,90.359,21640.0,6.438168458747219
ISR,1995,5545000.0,60.7438719930021,9.69968001238529,7.2,90.866,21640.0,6.2624614333091095
ISR,2000,6289000.0,61.9711658473091,9.72425912757915,5.6,91.203,21640.0,6.372841882786888
ISR,2005,6930100.0,62.1903892360014,9.95144916787625,4.5,91.518,21640.0,6.249380184421272
ISR,2010,7623600.0,62.1305526232036,9.89778832137184,3.7,91.826,21640.0,6.277215738090494
ITA,1990,56719240.0,68.5717355949906,14.9633877032434,8.4,66.726,294110.0,4.582634424430991
ITA,1995,56844303.0,68.3638811038942,17.0439775864275,6.4,66.922,294110.0,4.0110285734202025
ITA,2000,56942108.0,67.5085230928763,18.2167668390368,4.7,67.222,295718.0,3.705845482317529
ITA,2005,58166682.0,66.2471392322581,19.6352354411702,3.8,67.738,295718.0,3.3738907501640827
ITA,2010,59819407.0,65.5049888211785,20.4589612100469,3.4,68.327,295718.0,3.201774916558842
JAM,1990,2379877.0,56.9481111838973,7.29522996356534,25.1,49.444,10830.0,7.806211931400926
JAM,1995,2500151.0,58.2850312411193,6.61260192136433,22.1,50.615,10830.0,8.814235596552253
JAM,2000,2607826.0,60.6989308335756,6.06064208271564,18.9,51.814,10830.0,10.015264060334966
JAM,2005,2687066.0,63.6981309164216,5.70843918765657,17.8,52.811,10830.0,11.158589733977877
JAM,2010,2748568.0,67.0677907673724,5.98373516386263,17.9,53.743,10830.0,11.208348787294703
JOR,1990,3621908.0,52.676048093988,2.35366276559206,30.9,73.291,88240.0,22.380456904894544
JOR,1995,4752096.0,57.0706904911012,2.40866346134422,26.4,78.207,88240.0,23.69392462127165
JOR,2000,5386945.0,57.2548209370227,2.69514514301286,22.9,78.27,88240.0,21.243687407876838
JOR,2005,6029587.0,58.4413029912909,3.13096045127465,19.7,79.485,88240.0,18.665615200440737
JOR,2010,7297043.0,60.5507353765946,3.45401531455856,17.0,86.088,88780.0,17.530534714590075
JPN,1990,123478000.0,69.819769793807,12.1592371434388,4.6,77.339,364600.0,5.742117615617208
JPN,1995,125472000.0,69.7026222846472,14.6600917550368,4.1,78.016,364600.0,4.754582948684432
JPN,2000,126843000.0,68.1776733120971,17.4418311728625,3.3,78.649,364500.0,3.908859834520918
JPN,2005,127773000.0,65.9657352913659,20.2818997821341,2.7,85.978,364500.0,3.252443607352489
JPN,2010,128070000.0,63.5310455900648,23.0980258847984,2.4,90.812,364500.0,2.750496770023829
KAZ,1990,17154054.0,62.5454174696717,5.73625902844135,44.5,56.266,2699700.0,10.90352042325161
KAZ,1995,16730536.0,62.9488708550641,6.56484944654493,45.0,55.921,2699700.0,9.588776005852502
KAZ,2000,15501103.0,65.67034506094,6.69336584284892,36.0,56.098,2699700.0,9.811258879731051
KAZ,2005,15968117.0,67.7101335025956,7.47120989504304,26.0,56.463,2699700.0,9.062807022396676
KAZ,2010,16836810.0,68.1238349745636,6.50426041202994,16.7,56.827,2699700.0,10.473725013925534
KEN,1990,22892651.0,48.6466148318381,2.15597350092889,67.4,16.748,569140.0,22.56364227615922
KEN,1995,26601751.0,50.0837905353713,2.19531033511083,71.0,18.263,569140.0,22.813991140274403
KEN,2000,30642890.0,51.6946704439431,2.2276113643328,63.8,19.892,569140.0,23.20632372039741
KEN,2005,35796484.0,53.4620215773147,2.16746287149319,49.4,21.675,569140.0,24.665715053510517
KEN,2010,41598567.0,54.2828921761042,2.09128360228471,41.4,23.571,569140.0,25.95673399667104
KGZ,1990,4391236.0,57.6256067465201,4.85953326837153,56.6,37.777,191800.0,11.858259541421129
KGZ,1995,4560454.0,56.4860724776179,5.5213763392134,55.2,36.349,191800.0,10.230433320845716
KGZ,2000,4898362.0,59.4527959439184,5.35707871543222,44.0,35.298,191800.0,11.097988120400736
KGZ,2005,5162640.0,62.4601912345616,5.37543182551161,34.1,35.29,191800.0,11.619567183073132
KGZ,2010,5467059.0,65.2989783512955,4.44815464913301,25.7,35.306,191800.0,14.680015310174282
KHM,1990,7374752.0,53.2832019300446,3.02783063077918,88.4,15.546,176520.0,17.597814550258622
KHM,1995,10018497.0,50.9434548914872,2.63617386919415,94.8,17.311,176520.0,19.32477045114633
KHM,2000,12462336.0,54.6355332324721,2.81651839524635,86.7,18.586,176520.0,19.39825187177353
KHM,2005,13439202.0,59.0691768752341,3.34315236871951,54.5,19.174,176520.0,17.668706167244988
KHM,2010,14500726.0,62.8472808878673,3.8795195495729,37.7,20.294,176520.0,16.199758780642366
KIR,1990,74855.0,56.408766340033,3.41930010887789,68.7,34.987,810.0,16.49716741551084
KIR,1995,81234.0,55.3484049264783,3.45727492629363,57.1,36.409,810.0,16.009257610824296
KIR,2000,88613.0,56.4499565526503,3.41315608319321,49.1,42.958,810.0,16.538932054885112
KIR,2005,98035.0,58.5165577775398,3.46354126821407,44.4,43.551,810.0,16.895008098954488
KIR,2010,108704.0,59.7880482778923,3.60244333235208,42.1,47.39,810.0,16.596527068437172
KOR,1990,42869283.0,69.2880858870562,4.88530804594869,12.1,73.844,96460.0,14.18295125616812
KOR,1995,45092991.0,71.0997662901041,5.76406712637625,8.1,78.239,96460.0,12.334999702684424
KOR,2000,47008111.0,71.9288522650783,7.091050395922,5.8,79.621,96460.0,10.143610360806903
KOR,2005,48184561.0,71.7547677149818,9.00039400945138,4.4,81.345,96850.0,7.972402945874546
KOR,2010,49554112.0,72.619581168145,10.9916944218993,3.3,81.936,97200.0,6.606768563676716
KWT,1990,1684819.0,62.150670828935,1.80764278170022,14.5,97.974,17820.0,34.38216414112403
KWT,1995,1681513.0,65.2796915634907,1.35693271476343,12.2,98.096,17820.0,48.10827453214706
KWT,2000,1954709.0,69.0821754030907,1.54306855905406,10.6,99.0,17820.0,44.76934935764605
KWT,2005,2236788.0,73.3992001030048,1.68719610441401,9.9,100.0,17820.0,43.50365669466592
KWT,2010,2943372.0,75.1883681689518,1.81434793399338,9.1,100.0,17820.0,41.44098646143477
LAO,1990,4311955.0,52.6702852882277,3.45386257509645,113.4,15.437,230800.0,15.249676020116947
LAO,1995,4929409.0,52.6620736887526,3.40139152584012,99.9,17.378,230800.0,15.48250864056158
LAO,2000,5431212.0,53.4081570183453,3.36713947392042,86.8,21.977,230800.0,15.86158144977619
LAO,2005,5869523.0,55.6803849307686,3.40602635001175,72.7,27.186,230800.0,16.34760838846021
LAO,2010,6334194.0,59.9268352058683,3.78172029464206,58.7,30.064,230800.0,15.846448318976057
LBN,1990,3595175.0,59.205012162831,4.07912049887982,28.1,83.12,10230.0,14.514161123479797
LBN,1995,3960735.0,60.6311833535947,4.59535919469492,22.3,84.82,10230.0,13.194003076754033
LBN,2000,4329340.0,62.9821592878082,5.11336660014767,17.6,86.0,10230.0,12.317160926030478
LBN,2005,4671102.0,65.5252229559534,5.55037119720357,13.4,86.627,10230.0,11.80555689481936
LBN,2010,5041288.0,67.6459269932605,5.94432414890798,11.1,87.334,10230.0,11.379918944307168
LBR,1990,2223667.0,52.8862909779207,2.99431074886662,169.6,55.422,96320.0,17.662258667687965
LBR,1995,2169162.0,53.3702077968837,3.03868568569007,159.4,45.96,96320.0,17.563582850380786
LBR,2000,2928117.0,53.8388414532004,3.11799410986551,123.9,44.331,96320.0,17.267140204932158
LBR,2005,3301015.0,53.807231080021,3.21119461910876,87.9,46.051,96320.0,16.756141393558618
LBR,2010,4058890.0,53.6525256905213,3.25799664440278,70.8,47.813,96320.0,16.467949954060277
LBY,1990,4445239.0,55.5230263746194,2.79146939101931,31.6,75.723,1759540.0,19.89025083106681
LBY,1995,4906843.0,60.496025652339,3.21728247673708,25.2,75.994,1759540.0,18.80345480689441
LBY,2000,5305021.0,64.3601161654105,3.68900484192194,21.5,76.387,1759540.0,17.446471046614143
LBY,2005,5858798.0,64.9260309025845,3.93300810166181,17.9,77.08,1759540.0,16.507983005463775
LBY,2010,6497839.0,66.0575308190923,4.02770059399748,13.0,78.052,1759540.0,16.400804696738994
LCA,1990,137857.0,55.7166328754901,5.38458469495454,17.3,29.349,610.0,10.347433652162191
LCA,1995,148208.0,57.85247759905,5.4497732915902,16.3,28.765,610.0,10.615575089761046
LCA,2000,158616.0,61.3071821253846,6.3284914510516,15.9,27.774,610.0,9.68748754732018
LCA,2005,165450.0,64.9581896590803,6.5926460944276,16.0,23.085,610.0,9.853128581251443
LCA,2010,170906.0,68.3426317898968,7.36923405487796,16.0,18.45,610.0,9.274048195640953
LKA,1990,16352458.0,61.83002157321,5.62486708802026,17.9,18.535,62710.0,10.992263569195163
LKA,1995,17564068.0,64.7249789947573,6.07533818689777,16.3,18.458,62710.0,10.653724451808271
LKA,2000,19293054.0,66.7932631814865,6.20541999740995,13.0,18.38,62710.0,10.763697414415947
LKA,2005,20216524.0,67.5411987851819,6.62129388263546,11.2,18.303,62710.0,10.20060429009362
LKA,2010,20879089.0,67.1532316376447,7.42722778757253,9.1,18.226,62710.0,9.041493482939568
LSO,1990,1809696.0,52.9444448128304,4.14495031209662,74.5,13.967,30360.0,12.773239924811008
LSO,1995,1951437.0,53.7243461419319,4.27697749837107,75.9,16.955,30360.0,12.561288003594443
LSO,2000,2003913.0,55.8662726375846,4.52913874005508,78.0,19.548,30360.0,12.334855663287806
LSO,2005,1953076.0,57.9171778261573,4.69738504799608,81.4,22.249,30360.0,12.329663681895733
LSO,2010,1996251.0,59.2237899943444,4.23461278165922,76.1,24.798,30360.0,13.985644744391276
LTU,1990,3697838.0,66.5816827412627,10.8544423056756,12.0,67.583,62670.0,6.134049163119904
LTU,1995,3629102.0,65.9235717960496,12.2903316700845,12.0,67.285,62680.0,5.36385620548484
LTU,2000,3499536.0,66.2053387010978,13.8409816929598,8.6,66.986,62680.0,4.783283452702857
LTU,2005,3322528.0,67.1144186959311,16.0506106831398,7.3,66.635,62680.0,4.181424621209631
LTU,2010,3097282.0,67.4680196189487,17.6097771279808,4.9,66.757,62670.0,3.831281857153455
LUX,1990,381850.0,69.2635577678805,13.373460833115,7.3,80.947,2570.0,5.179179767466919
LUX,1995,408625.0,67.6580676927298,13.91174518099,5.3,82.893,2570.0,4.863377442046783
LUX,2000,436300.0,67.0241268421867,14.0341524651339,3.9,84.216,2570.0,4.77578728097046
LUX,2005,465158.0,67.3730320491401,14.1069293143962,2.9,86.598,2590.0,4.775882160293065
LUX,2010,506953.0,68.3512347017205,13.9918409176011,2.4,88.547,2590.0,4.885078032565232
LVA,1990,2663151.0,66.8078063058161,11.7275029448732,13.2,69.25,62180.0,5.69667785374736
LVA,1995,2485056.0,65.6905873772954,13.6384736774568,15.8,68.75,62200.0,4.816564443415408
LVA,2000,2367550.0,67.3431187818331,14.9901670493231,11.6,68.067,62200.0,4.492486211811366
LVA,2005,2238799.0,68.4025040813096,16.8562497223504,8.6,68.0,62200.0,4.057990668624936
LVA,2010,2097555.0,67.5682168868703,18.2544494766261,6.5,67.841,62200.0,3.701465605598679
MAC,1990,334950.0,69.4740874280523,6.53488948317256,10.4,99.763,20.0,10.631256673421811
MAC,1995,409300.0,67.9739799795833,6.80611397742122,7.8,99.91,20.0,9.98719389729322
MAC,2000,430600.0,70.0880841693173,7.14014575506107,5.8,100.0,20.0,9.81605790324904
MAC,2005,473500.0,76.0698451082486,6.94898473084442,4.5,100.0,28.0,10.94690059838494
MAC,2010,537000.0,80.2879502776714,6.96350693090242,3.5,100.0,29.7,11.52981551886912
MAR,1990,24375551.0,56.7550534549968,3.05252792029194,65.1,48.391,446300.0,18.59280404209008
MAR,1995,26399429.0,59.2271817550899,3.75423846770016,54.4,51.692,446300.0,15.776084088598765
MAR,2000,28423435.0,61.6417603705928,4.32319661006496,45.2,53.335,446300.0,14.258375440775197
MAR,2005,30358144.0,64.0239090373904,4.73323072714854,36.7,55.174,446300.0,13.52647118387161
MAR,2010,32467016.0,65.6330807492915,5.162106754161,28.2,58.018,446300.0,12.714398185660706
MDA,1990,2977912.0,63.874780169071,8.39430636770559,29.1,46.762,32870.0,7.609298180348622
MDA,1995,2953200.0,63.7854986995411,9.52790883806868,33.8,46.294,32860.0,6.6945958219800215
MDA,2000,2924668.0,66.4203601138285,10.1002569914071,27.9,44.589,32860.0,6.576105951594728
MDA,2005,2888985.0,70.0979161341686,10.5968570714764,18.0,42.775,32860.0,6.614972313144755
MDA,2010,2862354.0,71.8248376957931,10.6813851298936,15.3,42.62,32850.0,6.724299968810183
MDG,1990,12055639.0,51.1735379601197,2.92912304358151,91.1,23.566,581540.0,17.470600312354435
MDG,1995,14051275.0,51.8246617540166,2.84108015674449,79.1,25.796,581540.0,18.241182541432043
MDG,2000,16516338.0,51.7603993088541,2.79742095372473,65.5,27.121,581540.0,18.502899694068493
MDG,2005,19159707.0,52.0740179396798,2.74446531840141,54.2,28.814,581540.0,18.974194204797517
MDG,2010,22183340.0,53.3186987775804,2.66588794415341,46.2,31.938,581540.0,20.00035256339797
MDV,1990,224762.0,50.3227858801755,2.70908783513227,71.8,25.84,300.0,18.57554606667765
MDV,1995,256649.0,51.0814380730102,3.06975674949055,52.8,25.638,300.0,16.640223392777802
MDV,2000,282019.0,56.0431319221966,3.76092348551602,33.5,27.706,300.0,14.901428369396132
MDV,2005,306429.0,62.6667188810459,4.59404951881186,18.6,33.75,300.0,13.640845320546989
MDV,2010,360792.0,69.8917936096144,4.44383467482649,11.9,36.434,300.0,15.727811389010176
MEX,1990,82820170.0,56.8638068480178,4.0982082021807,37.8,71.419,1943950.0,13.875285013035688
MEX,1995,90862455.0,59.0813348543209,4.45788364653962,30.0,73.368,1943950.0,13.25322496924793
MEX,2000,98625552.0,60.6658176169194,5.01410425565983,23.7,74.722,1943950.0,12.099033949770972
MEX,2005,105811504.0,62.2531298676182,5.67757783690514,19.2,76.308,1943950.0,10.964733845296344
MEX,2010,113623895.0,64.1304656912175,6.09750132223508,16.2,77.815,1943950.0,10.517499267668883
MKD,1990,2063689.0,66.0046969275174,7.1277437812229,33.3,57.789,25220.0,9.26025106309209
MKD,1995,1998534.0,65.9462135745501,8.6890440693028,21.9,59.587,25220.0,7.589582127627712
MKD,2000,2026350.0,66.8209663130802,9.76010479996986,14.2,58.548,25220.0,6.846336968972563
MKD,2005,2005330.0,68.111832363427,10.6415833236235,12.2,57.532,25220.0,6.400535549275261
MKD,2010,1946298.0,69.0446769566733,11.6140833193192,9.2,57.089,25220.0,5.944909732292208
MLI,1990,9178830.0,49.4781851281699,3.69610288021458,124.2,23.322,1220190.0,13.386582227737504
MLI,1995,10185365.0,49.3968282237883,3.51275072062952,115.4,25.519,1220190.0,14.062150192922283
MLI,2000,11559290.0,50.1787069024695,3.2229962556958,102.8,28.356,1220190.0,15.56896220831526
MLI,2005,13538647.0,50.6221910275749,2.94041927009326,87.8,32.06,1220190.0,17.21597717116353
MLI,2010,15945198.0,50.0564151037823,2.81205037403737,77.3,35.999,1220190.0,17.800682223168838
MLT,1990,354170.0,66.142894419257,10.4765321765224,10.0,90.381,320.0,6.313433997509335
MLT,1995,377419.0,66.7648768233998,11.2462764871623,8.2,90.946,320.0,5.936620613908288
MLT,2000,390087.0,68.0473624326386,12.155565836032,6.7,92.368,320.0,5.59804153509086
MLT,2005,403834.0,69.1530402025552,13.4790398227037,6.1,93.645,320.0,5.130412930902975
MLT,2010,414508.0,69.7042828530902,15.096989119852,6.0,94.072,320.0,4.617098303490964
MMR,1990,39817251.0,59.32461837553,4.48642342879945,90.6,25.243,653540.0,13.223142959425264
MMR,1995,42605338.0,61.0146017503089,4.74963260178376,82.3,26.124,653540.0,12.84617292870072
MMR,2000,45290841.0,63.2024342405123,5.00086099085685,73.9,27.025,653540.0,12.638310554135831
MMR,2005,47438365.0,64.7949860835212,5.13423576044411,65.0,27.946,653360.0,12.620181290217271
MMR,2010,49024382.0,66.5104681992728,5.24473414065679,54.2,28.885,653260.0,12.681380297942766
MNE,1990,7897937.0,69.3906695380105,11.28836610497,24.6,50.393,13450.0,6.147095947522417
MNE,1995,7628264.0,68.2941736300144,13.7103156608966,16.9,51.651,13450.0,4.981225474246173
MNE,2000,7516346.0,67.531103446434,16.0681726957932,10.9,52.769,13450.0,4.202786758952017
MNE,2005,7440769.0,67.4780508581026,17.3287763990899,7.8,53.883,13450.0,3.89398820228568
MNE,2010,7291436.0,68.1630051497022,17.3759538185157,6.6,54.993,13450.0,3.9228353080144673
MNG,1990,2098710.0,54.8137312038607,3.83378065009112,73.5,57.033,1547438.742,14.2975658251491
MNG,1995,2224945.0,57.542251516131,3.50102645228549,62.5,56.805,1547438.742,16.435823122263784
MNG,2000,2388299.0,61.395020817194,3.42665024425888,47.4,57.133,1547438.742,17.91692073623714
MNG,2005,2536407.0,66.5329607120998,3.60163466500953,31.5,62.494,1554444.091,18.472989878312312
MNG,2010,2738622.0,68.2617854028453,3.79947011768747,20.8,67.567,1557292.418,17.966132983931068
MOZ,1990,13094537.0,51.3128166086673,3.01844971755969,146.7,25.0,786380.0,16.9997254915851
MOZ,1995,15960530.0,52.1049192008323,2.85766208445653,135.3,27.495,786380.0,18.23340817105099
MOZ,2000,18129653.0,52.2416907880612,2.70113285403567,106.1,29.098,786380.0,19.340659497739505
MOZ,2005,20304569.0,51.987311328795,2.66629890050855,80.2,29.999,786380.0,19.49793075295472
MOZ,2010,22999235.0,51.5394381595736,2.70217900725828,63.5,31.83,786380.0,19.07328789881586
MRT,1990,1951878.0,51.5267859978954,3.07537151399831,72.7,39.323,1030700.0,16.754654116863136
MRT,1995,2312017.0,52.5909627827131,3.05475695031654,72.8,38.705,1030700.0,17.216087445930363
MRT,2000,2613441.0,52.7032841561596,3.08267852944097,67.6,38.091,1030700.0,17.096587805967914
MRT,2005,2939059.0,52.6574751744479,3.13624243954314,51.8,42.111,1030700.0,16.7899887172366
MRT,2010,3390965.0,52.5898310053084,3.54540721378829,42.4,46.588,1030700.0,14.833227280856075
MTQ,1990,58261012.0,65.8792865027227,13.9827709266386,7.4,74.056,538950.0,4.7114614727196855
MTQ,1995,59541294.0,65.3756466308725,15.1008202937428,5.3,74.912,538950.0,4.329277837837833
MTQ,2000,60918661.0,65.0652073832677,16.0086458283083,4.1,75.871,538950.0,4.064379216149066
MTQ,2005,63180854.0,65.0595224031689,16.4377318294942,3.4,77.13,538950.0,3.9579379368163607
MTQ,2010,65026211.0,64.6865895755283,16.7822818238459,3.1,78.369,538950.0,3.854457352969445
MUS,1990,1058775.0,64.911087777261,5.32362249299487,19.9,43.9,2030.0,12.19302981431812
MUS,1995,1122457.0,66.6395360316532,5.85008628490357,19.4,43.284,2030.0,11.391205665396718
MUS,2000,1186873.0,68.2998548858587,6.11764396444765,16.6,42.67,2030.0,11.164405003426078
MUS,2005,1228254.0,69.5826091798141,6.50179165854687,13.6,42.112,2030.0,10.702066881571778
MUS,2010,1250400.0,71.7171736858579,7.18822149520215,13.0,41.555,2030.0,9.977040041646775
MWI,1990,9545852.0,50.7145040589358,3.87328967597654,133.1,11.56,94280.0,13.093393033184274
MWI,1995,10150117.0,50.5656141697677,3.28909509121915,115.1,13.263,94280.0,15.37371610348451
MWI,2000,11315942.0,50.5197402036879,3.31076281585749,100.2,14.61,94280.0,15.25924477637437
MWI,2005,12840031.0,50.0246825718457,3.93747865805469,65.1,15.054,94280.0,12.7047501500771
MWI,2010,14826463.0,50.1759691438208,3.59881517257353,53.6,15.544,94280.0,13.942357897735471
MYS,1990,17833171.0,59.2094025229725,3.56724835981217,12.7,49.794,328550.0,16.598060059403913
MYS,1995,20330599.0,60.5610356232258,3.69294342220176,10.2,55.688,328550.0,16.39912359857354
MYS,2000,22967816.0,61.9554162224219,3.87644389000678,7.7,61.977,328550.0,15.982539146803836
MYS,2005,25836071.0,64.314586294592,4.33032552956048,6.5,66.594,328550.0,14.852136601637849
MYS,2010,28655776.0,67.1104759628482,4.94869856344671,6.5,70.912,328550.0,13.561237384421844
MYT,1990,58261012.0,65.8792865027227,13.9827709266386,7.4,74.056,538950.0,4.7114614727196855
MYT,1995,59541294.0,65.3756466308725,15.1008202937428,5.3,74.912,538950.0,4.329277837837833
MYT,2000,60918661.0,65.0652073832677,16.0086458283083,4.1,75.871,538950.0,4.064379216149066
MYT,2005,63180854.0,65.0595224031689,16.4377318294942,3.4,77.13,538950.0,3.9579379368163607
MYT,2010,65026211.0,64.6865895755283,16.7822818238459,3.1,78.369,538950.0,3.854457352969445
NAM,1990,1369303.0,54.2333414274786,3.47582071894267,56.1,27.656,823290.0,15.603031862925356
NAM,1995,1602170.0,54.6372249395429,3.26728647169574,50.8,29.813,823290.0,16.722508238215752
NAM,2000,1818647.0,55.3331680089649,3.14494786508872,45.9,32.373,823290.0,17.594303747672438
NAM,2005,1966582.0,57.4180373404306,3.20329973611569,38.4,36.632,823290.0,17.924653348255042
NAM,2010,2109811.0,59.7585185968124,3.41838757556662,42.7,41.616,823290.0,17.481493036057223
NCL,1990,176456.0,62.6575463571655,4.2568685678016,27.3,59.577,18280.0,14.719163948612138
NCL,1995,200379.0,64.4941947364612,4.67140935779038,22.8,60.288,18280.0,13.806153517440302
NCL,2000,223098.0,64.8710432186752,5.37252687159903,19.2,61.919,18280.0,12.07458701818788
NCL,2005,244381.0,65.5609478641957,6.3067505247953,16.4,63.965,18280.0,10.395360908353611
NCL,2010,261582.0,66.5005619652728,7.65132921990045,14.3,67.102,18280.0,8.691373754028325
NER,1990,8286059.0,51.0325565487431,2.14243573800068,146.6,15.368,1266700.0,23.819877368348354
NER,1995,9714529.0,51.1285493680934,2.20840362967693,128.4,15.773,1266700.0,23.151813681619902
NER,2000,11509630.0,50.4281110687311,2.25173181066637,107.7,16.186,1266700.0,22.39525632220276
NER,2005,13756192.0,49.2218540284206,2.29755088826729,84.8,16.242,1266700.0,21.42361863660026
NER,2010,16548835.0,48.2256983112617,2.39305070094211,70.9,16.221,1266700.0,20.152393048871023
NGA,1990,97120925.0,51.5318480543714,3.13671744786203,105.5,29.68,910770.0,16.428591006657367
NGA,1995,110819428.0,52.5059346994644,3.09207650846204,105.4,32.205,910770.0,16.980800622420624
NGA,2000,126382494.0,53.2253628417872,3.03726044526388,97.1,34.84,910770.0,17.52413525313037
NGA,2005,145017253.0,52.99378842532,3.01410100833278,83.7,39.074,910770.0,17.5819550435813
NGA,2010,166642886.0,52.5665654655266,3.01437051148517,74.0,43.48,910770.0,17.438654360915717
NIC,1990,4162559.0,51.1231912868983,2.81238055724856,52.9,53.075,120340.0,18.177906668830666
NIC,1995,4642931.0,53.316008788414,2.96724202879603,41.0,54.437,120340.0,17.96820356108503
NIC,2000,5022633.0,56.1654359212154,3.52717354352055,30.8,55.185,120340.0,15.923638354679715
NIC,2005,5342105.0,59.0079417188597,4.1942076958233,23.6,55.935,120340.0,14.068912652471008
NIC,2010,5737450.0,61.3913062423202,4.39405136428204,18.5,56.917,120340.0,13.971458490756888
NLD,1990,14951510.0,68.8790169143812,12.7627907032443,6.8,68.684,33760.0,5.396861745673864
NLD,1995,15459006.0,68.2690126088718,13.1472163646301,5.7,72.809,33760.0,5.192659093413541
NLD,2000,15925513.0,67.7508029184944,13.4807797576145,5.1,76.795,33760.0,5.025733239223492
NLD,2005,16319868.0,67.4906274919211,14.0184905479326,4.4,82.63,33760.0,4.814400470660829
NLD,2010,16615394.0,67.1415432435357,15.2790715770186,3.8,87.134,33730.0,4.39434705866055
NOR,1990,4241473.0,64.747121820316,16.3133766260252,7.0,71.956,365244.0,3.968958928896612
NOR,1995,4359184.0,64.5822859296041,15.9349895646758,4.6,73.787,365244.0,4.052860258708179
NOR,2000,4490967.0,64.8302432470167,15.1610925017374,3.9,76.02,365244.0,4.27609311397496
NOR,2005,4623291.0,65.6503589347809,14.7079766841642,3.3,77.675,365244.0,4.463588727704837
NOR,2010,4889252.0,66.208370677838,14.9802767836288,2.7,79.102,365244.0,4.419702762114104
NPL,1990,19524573.0,54.8204101569852,3.6450989222658,101.2,8.854,143000.0,15.039484888083292
NPL,1995,22245439.0,54.9055089450022,3.68567911831275,79.7,10.883,143000.0,14.89698565243985
NPL,2000,24546509.0,55.2350173297555,3.81572385710734,61.8,13.397,143350.0,14.47563277590758
NPL,2005,26309458.0,56.7032623781151,4.12050487699138,48.8,15.149,143350.0,13.76124141843449
NPL,2010,27341952.0,59.2687171847,4.73049428346421,40.2,16.768,143350.0,12.529074898553024
NZL,1990,3329800.0,65.6958971038527,11.0415476577199,9.1,84.742,263310.0,5.949881225021948
NZL,1995,3673400.0,65.4313317023314,11.5032854769116,7.1,85.553,263310.0,5.688055976152163
NZL,2000,3857700.0,65.4804677758612,11.7580764490843,6.0,86.021,263310.0,5.568977890168482
NZL,2005,4133900.0,66.4435231238452,12.0218553465394,5.5,86.341,263310.0,5.526894244570292
NZL,2010,4350700.0,66.1540207791557,12.9832174904356,5.2,86.16,263310.0,5.095348732152847
OMN,1990,1763954.0,54.1384582591156,2.45304015864359,31.3,66.102,309500.0,22.06994372609517
OMN,1995,2120528.0,57.9006874468735,2.43361616390261,19.5,71.669,309500.0,23.7920376704034
OMN,2000,2282131.0,60.8799492930184,2.53342105833954,13.3,71.569,309500.0,24.03072678843226
OMN,2005,2459802.0,65.388982527862,2.55721801998697,10.4,72.4,309500.0,25.57035888875645
OMN,2010,2757446.0,69.4829381971578,2.65354244471152,9.5,75.161,309500.0,26.18497334973349
PAK,1990,116155576.0,52.5341219951421,3.40581841718903,112.7,30.576,770880.0,15.424815876854876
PAK,1995,134582253.0,52.0819520683756,3.44136384757952,101.7,31.836,770880.0,15.13410216853629
PAK,2000,154879127.0,53.2406046982709,3.47834412663736,89.1,32.982,770880.0,15.306307472728554
PAK,2005,175453212.0,55.096745806236,3.56645421924093,80.4,33.982,770880.0,15.448605931625435
PAK,2010,199239047.0,56.9682339928076,3.69129626483307,73.2,34.997,770880.0,15.43312427548642
PAN,1990,2455583.0,59.6344737685511,4.29311491405503,23.9,53.903,74340.0,13.890723859572583
PAN,1995,2724557.0,61.1847907751609,4.57208272757736,22.0,58.141,74340.0,13.382258025672536
PAN,2000,3010369.0,62.6781737850366,4.94600577969109,20.3,62.198,74340.0,12.672482923978963
PAN,2005,3313026.0,63.8295419096533,5.52102602289056,17.2,63.682,74340.0,11.561173891412857
PAN,2010,3628535.0,64.5249666876577,6.285098531501,14.7,65.14,74340.0,10.2663413094095
PER,1990,22014771.0,57.0074347580669,3.55846527864257,59.7,68.901,1280000.0,16.02023071581388
PER,1995,24348919.0,58.8631717079514,3.7525505752432,44.6,70.951,1280000.0,15.686176782343972
PER,2000,26598331.0,60.9745288153606,4.30714618898456,29.9,73.042,1280000.0,14.15659607080478
PER,2005,28101180.0,62.5305420887923,5.73387833297608,21.4,75.034,1280000.0,10.905453247790977
PER,2010,29086019.0,63.5297724392985,7.194093712273,16.8,76.43,1280000.0,8.83082358670388
PHL,1990,62854666.0,55.3594330183901,2.81573365757974,38.6,46.986,298170.0,19.6607491157293
PHL,1995,70546246.0,56.0690930036808,2.87174177114784,30.8,46.56,298170.0,19.52442018533926
PHL,2000,79625397.0,57.8245669531795,2.98848745457432,27.3,46.135,298170.0,19.349108146554368
PHL,2005,88015962.0,59.5749522090945,3.17798834703408,25.0,45.71,298170.0,18.74612040811729
PHL,2010,96337125.0,61.0521603172193,3.34135983402037,23.1,45.332,298170.0,18.271650869688138
PNG,1990,3896481.0,55.7137909454442,2.1558429459611,65.1,14.994,452860.0,25.84315849622633
PNG,1995,4644278.0,56.6012090576835,2.39392430857929,60.2,14.081,452860.0,23.64369201433705
PNG,2000,5537064.0,57.5065736558737,2.51492510425427,56.0,13.204,452860.0,22.8661177856132
PNG,2005,6535905.0,58.6185692723502,2.62947518362032,51.4,13.109,452860.0,22.292877923891584
PNG,2010,7633523.0,59.7970294973893,2.71175576467117,45.9,13.019,452860.0,22.05103803094168
POL,1990,38110782.0,64.9217622020286,10.1067100629857,15.2,61.27,306290.0,6.423629627982973
POL,1995,38594998.0,66.046521399495,11.1182614982687,12.5,61.493,306290.0,5.940364094672495
POL,2000,38258629.0,68.3136995026004,12.2441691813974,8.1,61.716,306290.0,5.579284187479996
POL,2005,38165445.0,70.2824706993916,13.2347926244254,6.5,61.452,306330.0,5.310432334971547
POL,2010,38042794.0,71.3558267076234,13.5707882889596,5.1,60.892,306280.0,5.258045825213729
PRI,1990,3537000.0,63.4290611141109,9.28900144815885,17.3,92.942,8870.0,6.828404696468534
PRI,1995,3683103.0,64.3065921088326,10.4923031688884,13.4,93.729,8870.0,6.1289300426920015
PRI,2000,3810605.0,64.7513324615616,11.56440935193,10.2,94.387,8870.0,5.599190627989588
PRI,2005,3821362.0,64.5444334899952,13.6435686164267,7.9,94.112,8870.0,4.730758887545333
PRI,2010,3724465.0,64.4107707581169,16.0459842641775,7.2,93.825,8870.0,4.014136477867132
PRK,1990,21112137.0,68.9814008165398,4.5052072299741,32.0,58.384,120410.0,15.311482312643005
PRK,1995,22669304.0,68.3837132446526,5.23818034374104,64.3,59.018,120410.0,13.05486042044399
PRK,2000,23665910.0,68.0319068236106,6.38613952275952,59.4,59.412,120410.0,10.653056761624477
PRK,2005,24396433.0,67.876743131327,8.24762562117942,26.3,59.805,120410.0,8.229852596245822
PRK,2010,24987258.0,68.5572128691109,9.79695711716433,22.9,60.377,120410.0,6.997806772982422
PRT,1990,9983218.0,66.0073142624213,13.5004981218324,11.5,47.915,91500.0,4.889250282971206
PRT,1995,10026176.0,67.2726659220641,14.9673977637303,7.5,51.109,91500.0,4.494613357913316
PRT,2000,10289898.0,67.4822473869891,16.1309006351084,5.5,54.399,91500.0,4.183414733837992
PRT,2005,10503330.0,66.8090387754691,17.2680626718468,3.7,57.522,91470.0,3.868936547490765
PRT,2010,10573100.0,66.2951498582996,18.5177045107792,3.0,60.567,91590.0,3.580095460520446
PRY,1990,4035747.0,54.7175337406515,3.76884331836915,37.7,48.694,397300.0,14.518389096718622
PRY,1995,4579806.0,54.9790269477601,3.94036384296233,32.1,52.131,397300.0,13.952779270867373
PRY,2000,5100868.0,57.0219715546452,3.99281063536637,28.7,55.331,397300.0,14.281161007129256
PRY,2005,5448097.0,59.7826360286904,4.37008555464413,25.8,57.633,397300.0,13.679969254871644
PRY,2010,5737971.0,62.4666312825011,4.98600420026485,22.7,59.261,397300.0,12.528395238652816
PSE,1990,1978248.0,48.7961340154376,2.08060336585998,39.0,67.709,6020.0,23.452876610755936
PSE,1995,2474666.0,49.1303221519326,2.11101548955435,31.5,70.216,6020.0,23.27331201264864
PSE,2000,2922153.0,50.269806784552,2.28416052135412,26.4,71.969,6020.0,22.008000888987667
PSE,2005,3320396.0,52.4083807825405,2.60979892480478,22.6,73.061,6020.0,20.081386456414755
PSE,2010,3786161.0,55.2025552939812,2.89589113836226,19.0,74.149,6020.0,19.062372394702795
PYF,1990,203776.0,60.0942699477123,3.13112650379214,19.0,57.852,3660.0,19.192539769610555
PYF,1995,222118.0,61.2827416058131,3.51074654012732,14.9,56.637,3660.0,17.455757886637592
PYF,2000,240337.0,63.7053387535003,4.2165792200119,9.9,56.047,3471.0,15.108298796131836
PYF,2005,259507.0,66.2952565735348,5.12280039228304,9.2,57.417,3471.0,12.941214081540563
PYF,2010,270580.0,67.8714243476975,6.21294995934659,8.0,60.317,3471.0,10.92418654452441
QAT,1990,440175.0,71.9488022391069,1.08479458761335,17.4,92.786,11610.0,66.32481675392668
QAT,1995,514325.0,72.6939192145044,1.2123657220629,12.8,94.998,11610.0,59.96038810039278
QAT,2000,644989.0,75.2804311391357,1.24381966204075,10.4,96.311,11610.0,60.52358990339659
QAT,2005,825408.0,76.3161226424524,1.15857924722031,8.7,97.396,11610.0,65.87043814702515
QAT,2010,1616832.0,85.249493997149,0.862464636843677,7.5,98.501,11610.0,98.84404572126311
REU,1990,58261012.0,65.8792865027227,13.9827709266386,7.4,74.056,538950.0,4.7114614727196855
REU,1995,59541294.0,65.3756466308725,15.1008202937428,5.3,74.912,538950.0,4.329277837837833
REU,2000,60918661.0,65.0652073832677,16.0086458283083,4.1,75.871,538950.0,4.064379216149066
REU,2005,63180854.0,65.0595224031689,16.4377318294942,3.4,77.13,538950.0,3.9579379368163607
REU,2010,65026211.0,64.6865895755283,16.7822818238459,3.1,78.369,538950.0,3.854457352969445
ROU,1990,23201835.0,66.1298248046058,10.6014225226062,24.6,53.217,229350.0,6.237825599686483
ROU,1995,22684270.0,67.4770540711439,12.0221546534045,22.2,53.769,229490.0,5.612725506906981
ROU,2000,22442971.0,67.8873399918621,13.4875679488788,18.1,53.004,229710.0,5.033327005222278
ROU,2005,21319685.0,69.0972764250877,14.916750094722,15.5,53.174,229980.0,4.632193741017114
ROU,2010,20246871.0,68.4129224247518,15.8399964683843,10.5,53.829,230050.0,4.318998590769889
RUS,1990,147969406.0,67.0939265650373,9.98846214054473,17.5,73.394,16376870.0,6.717142801462154
RUS,1995,148375787.0,66.9515268528412,11.8845433001939,17.7,73.372,16376870.0,5.633495975545721
RUS,2000,146596869.0,69.6547233461629,12.3296983445071,15.6,73.35,16376870.0,5.649345296204605
RUS,2005,143518814.0,71.0437679328566,13.7404731533261,11.0,73.463,16376870.0,5.170401858807848
RUS,2010,142849468.0,72.1279442275068,12.7006113070257,8.3,73.687,16376870.0,5.679092327438381
RWA,1990,7375307.0,48.7342221822088,2.28649465032439,86.4,5.416,24670.0,21.313945420906524
RWA,1995,5674118.0,45.7768766881478,1.84375791973308,125.7,9.837,24670.0,24.828029861303538
RWA,2000,8213931.0,51.4261351493052,2.14435707728474,107.9,14.926,24670.0,23.982076350093138
RWA,2005,9054528.0,54.3262553277211,2.59692719487973,63.9,16.912,24670.0,20.91943718516032
RWA,2010,10317553.0,54.8494417790031,2.73524145040779,42.2,16.934,24670.0,20.0528702030403
SAU,1990,10640691.0,55.0479078401914,1.9653752733434,40.5,76.583,2149690.0,28.008853365976563
SAU,1995,13289245.0,56.720024350518,2.05348761347992,27.8,78.67,2149690.0,27.621313115396905
SAU,2000,16177722.0,59.4837919702168,2.22837924894494,19.9,79.848,2149690.0,26.693747035375733
SAU,2005,20559890.0,64.5387645556469,2.30139606778052,14.6,80.979,2149690.0,28.043310518857574
SAU,2010,23978487.0,69.9787298856465,2.39668648987503,10.4,82.084,2149690.0,29.198115890950504
SDN,1990,22021481.0,51.0020636441769,2.86245740834727,84.4,28.61,1861484.0,17.817579921171493
SDN,1995,24672143.0,50.7231181888642,3.00029881879938,78.9,32.232,1861484.0,16.906022117210945
SDN,2000,27816745.0,51.2421699814657,2.91421952701906,70.8,32.495,1861484.0,17.58349688703138
SDN,2005,31262444.0,51.8838266752885,2.71830799150425,66.8,32.76,1861484.0,19.08680945553089
SDN,2010,35414399.0,52.800409618692,2.58663993441425,54.5,33.089,1861484.0,20.412740449957045
SEN,1990,7720523.0,50.3838470528486,2.99085955705332,72.9,38.896,192530.0,16.845942141960087
SEN,1995,8848101.0,51.7065695791673,3.14526246931404,75.6,39.606,192530.0,16.43950865265758
SEN,2000,9968260.0,52.8249714594122,3.22899884232554,73.8,40.32,192530.0,16.359551067961178
SEN,2005,11235472.0,53.6341463892216,3.42167645471414,53.5,41.714,192530.0,15.674815283989908
SEN,2010,12635413.0,53.7588147597081,3.56815022857386,41.5,43.773,192530.0,15.06629803005653
SGP,1990,3047132.0,73.000874130763,5.59965140046802,6.1,100.0,670.0,13.036681912852924
SGP,1995,3524506.0,73.7518233756869,5.83753310517289,4.0,100.0,670.0,12.634073682654105
SGP,2000,4027887.0,74.9595006003353,6.24975683013051,3.0,100.0,670.0,11.993986748244406
SGP,2005,4265762.0,75.7195468474042,7.04428055389378,2.3,100.0,689.0,10.749081651148838
SGP,2010,5076732.0,78.5292890663685,7.3372360210155,2.2,100.0,702.0,10.702843528740646
SLB,1990,331435.0,50.9327620800459,3.26247982258965,28.5,13.677,27990.0,15.611671136594842
SLB,1995,384733.0,52.4166728397709,3.30722435140168,25.1,14.664,27990.0,15.849143351147458
SLB,2000,440469.0,53.7212607470673,3.39365539913138,23.2,15.813,27990.0,15.829910355900449
SLB,2005,483080.0,55.0837800325205,3.4187883799905,22.3,17.832,27990.0,16.11207653416488
SLB,2010,532968.0,55.518248750394,3.47028339412498,21.1,20.048,27990.0,15.998188748614504
SLE,1990,4196828.0,53.130798649504,3.93684183187376,135.5,33.252,72180.0,13.49579203800934
SLE,1995,4179179.0,52.8802068540256,3.7500906278482,132.7,34.429,72180.0,14.10104770837718
SLE,2000,4423611.0,52.6194151543371,3.53924615667538,123.4,35.626,72180.0,14.867407584830318
SLE,2005,5501712.0,52.8060762898825,3.37882068537751,109.3,36.919,72180.0,15.628552446837691
SLE,2010,6222714.0,53.5129687785747,3.2842502483643,90.8,38.856,72180.0,16.29381585804142
SLV,1990,5399726.0,55.4521881802717,2.8020122871038,47.1,49.274,20720.0,19.79013027012379
SLV,1995,5762131.0,56.7576090128469,3.46010039168672,35.7,53.988,20720.0,16.403457295404905
SLV,2000,5943366.0,58.238159992166,4.66835628160877,26.5,58.912,20720.0,12.475088977591154
SLV,2005,6005578.0,58.9375626240774,6.1311922125724,20.1,61.648,20720.0,9.612740977720806
SLV,2010,6068249.0,61.2773914454243,6.71912056351671,15.6,65.452,20720.0,9.11985294297985
SOM,1990,7082811.0,49.928951236384,3.05893358873097,106.8,29.658,627340.0,16.32233907278044
SOM,1995,7285007.0,50.5555862883865,2.72554302281384,104.3,31.425,627340.0,18.54881242571365
SOM,2000,8838713.0,50.0417934149463,2.60195686860745,104.3,33.247,627340.0,19.23236853719575
SOM,2005,10644228.0,49.2879849999455,2.53413869000176,104.2,36.311,627340.0,19.449600447839444
SOM,2010,12261756.0,48.8821320175458,2.42614506331128,112.9,39.31,627340.0,20.148066476631
SRB,1990,7897937.0,69.3906695380105,11.28836610497,24.6,50.393,87460.0,6.147095947522417
SRB,1995,7628264.0,68.2941736300144,13.7103156608966,16.9,51.651,87460.0,4.981225474246173
SRB,2000,7516346.0,67.531103446434,16.0681726957932,10.9,52.769,87460.0,4.202786758952017
SRB,2005,7440769.0,67.4780508581026,17.3287763990899,7.8,53.883,87460.0,3.89398820228568
SRB,2010,7291436.0,68.1630051497022,17.3759538185157,6.6,54.993,87460.0,3.9228353080144673
SSD,1990,22021481.0,51.0020636441769,2.86245740834727,84.4,28.61,631930.0,17.817579921171493
SSD,1995,24672143.0,50.7231181888642,3.00029881879938,78.9,32.232,631930.0,16.906022117210945
SSD,2000,27816745.0,51.2421699814657,2.91421952701906,70.8,32.495,631930.0,17.58349688703138
SSD,2005,31262444.0,51.8838266752885,2.71830799150425,66.8,32.76,631930.0,19.08680945553089
SSD,2010,35414399.0,52.800409618692,2.58663993441425,54.5,33.089,631930.0,20.412740449957045
STP,1990,122980.0,50.7241014799154,4.20149617824036,65.0,43.648,960.0,12.072866266692476
STP,1995,134895.0,50.8473256977649,4.24589495533563,63.6,48.631,960.0,11.975643823657787
STP,2000,144018.0,52.9692365911324,4.23765002412884,50.7,53.424,960.0,12.499672292315273
STP,2005,161639.0,53.9484470070744,4.01789166633156,34.9,59.165,960.0,13.427053660789898
STP,2010,181802.0,54.2518784171791,3.69357872850684,23.2,64.952,960.0,14.688160833953814
SUR,1990,412493.0,59.4516263932071,3.12296587210677,37.4,65.706,160507.61,19.03691197019092
SUR,1995,429606.0,60.0560281467532,3.23459546025365,32.1,66.076,160507.61,18.566781807714445
SUR,2000,476643.0,62.552266581068,4.49445392043941,27.3,66.444,160507.61,13.917656669389649
SUR,2005,519313.0,63.4717053797087,5.61030208207967,23.7,66.682,160507.61,11.313420284880724
SUR,2010,549923.0,63.8533940206174,5.8471822418775,21.1,66.344,160507.61,10.920370082413305
SVK,1990,5299187.0,64.4928540747023,10.2604158160969,12.6,56.491,48080.0,6.285598481644734
SVK,1995,5361999.0,66.4600407673709,10.8385587460653,10.1,56.537,48080.0,6.131815338593589
SVK,2000,5388720.0,68.9795481374625,11.3287846336031,8.1,56.233,48100.0,6.088874523473369
SVK,2005,5372807.0,71.3974941855545,11.725855753395,6.9,55.563,48100.0,6.088894123133206
SVK,2010,5391428.0,72.0906326973798,12.4478217220765,5.7,54.685,48090.0,5.7914255447220455
SVN,1990,1998161.0,68.5438289255243,10.7025400811909,8.8,50.39,20140.0,6.404444964049809
SVN,1995,1989872.0,69.4506047246233,12.2140038579645,6.2,50.622,20140.0,5.686145635146168
SVN,2000,1988925.0,70.1436368541425,13.9071257730963,4.5,50.754,20140.0,5.043719169480527
SVN,2005,2000474.0,70.400145023808,15.3305839236402,3.5,51.533,20140.0,4.592137218938475
SVN,2010,2048583.0,69.4944321954483,16.3680688560959,2.6,52.658,20140.0,4.245731906825816
SWE,1990,8558835.0,64.2854893648966,17.7788981625722,5.9,83.1,407339.7,3.6158309011651353
SWE,1995,8826939.0,63.6869778532391,17.4600019351253,4.0,83.824,407339.7,3.6475928290200414
SWE,2000,8872109.0,64.3043682663216,17.2641350678943,3.4,84.026,407339.7,3.724737324715844
SWE,2005,9029572.0,65.3122191754486,17.2765354335417,3.0,84.319,407339.7,3.780400267558712
SWE,2010,9378126.0,65.1182387042675,18.2772882991165,2.5,85.056,407339.7,3.56279540151562
SWZ,1990,872428.0,49.8541141193806,2.50324238605227,56.6,20.202,17200.0,19.915815742479044
SWZ,1995,970433.0,50.1476402040944,2.40696554684066,62.6,22.286,17200.0,20.834382224505585
SWZ,2000,1041414.0,54.0135114438213,2.38670806552825,73.0,22.686,17200.0,22.63096698919752
SWZ,2005,1079022.0,56.3216766301691,2.62557326244194,74.7,22.038,17200.0,21.45119217804137
SWZ,2010,1111650.0,58.2442765258849,2.95461701074979,62.0,22.48,17200.0,19.712970010656072
SYC,1990,69507.0,60.6544746766149,6.95835529783869,13.1,49.27,460.0,8.716783216783222
SYC,1995,75304.0,62.6395991065657,7.10331453878695,12.0,49.633,460.0,8.818362014595909
SYC,2000,81131.0,64.9661537722941,7.42096545764421,11.8,50.433,460.0,8.754407245673617
SYC,2005,82858.0,67.6651804718482,7.31465507584074,12.1,51.67,460.0,9.250631748219629
SYC,2010,89770.0,70.29356329827,7.21851933748197,12.6,53.336,460.0,9.73794763328714
SYR,1990,12579208.0,50.4894406106267,2.95107223567144,31.6,48.931,183780.0,17.10884606629737
SYR,1995,14616801.0,52.6000080318532,3.15954564887351,25.8,50.104,183780.0,16.647965839837436
SYR,2000,16637888.0,54.8311750866456,3.31790609481203,20.8,51.947,183780.0,16.52583693443921
SYR,2005,18814091.0,57.5145139884781,3.43119686196904,18.1,53.782,183570.0,16.762230878082757
SYR,2010,22482421.0,60.4245748361481,3.43197699731664,17.6,55.6,183630.0,17.606346104123737
TCD,1990,5982833.0,49.4387775824597,3.45549508067499,116.2,20.811,1259200.0,14.307292132739027
TCD,1995,7089064.0,48.9314738871027,3.15478178783546,109.4,21.473,1259200.0,15.510256232547633
TCD,2000,8512093.0,48.4080766034864,2.82652574402089,102.0,21.637,1259200.0,17.126352627739813
TCD,2005,10328092.0,48.9262996943821,2.51816611036027,93.0,21.801,1259200.0,19.42933768073874
TCD,2010,12312575.0,49.0077908154874,2.23336304550429,82.8,21.985,1259200.0,21.943494996990744
TGO,1990,3998761.0,51.8985380721678,2.9512766579448,85.2,28.589,54390.0,17.585114541009766
TGO,1995,4410832.0,53.1134828984645,2.87285936077366,80.1,30.705,54390.0,18.488020549728915
TGO,2000,5140037.0,54.5813731089264,2.7902428319332,70.8,32.907,54390.0,19.561513601706874
TGO,2005,5844631.0,55.3413123942298,2.7450407048794,61.0,35.185,54390.0,20.160470588235285
TGO,2010,6732590.0,55.6788992052093,2.73840379408222,53.0,37.533,54390.0,20.33261103622965
THA,1990,54738329.0,66.0948354853872,3.94871936993181,31.1,29.424,510890.0,16.738296468641824
THA,1995,59098232.0,68.2744200513949,4.7925959545406,23.8,30.276,510890.0,14.245811810342651
THA,2000,63007815.0,69.5009198462127,6.11782601888353,18.5,31.386,510890.0,11.360394955935057
THA,2005,66017420.0,70.3747879754676,7.47503391888863,14.8,37.411,510890.0,9.414644634272207
THA,2010,68579447.0,71.281402493072,8.57760701557125,12.2,43.856,510890.0,8.310173497535176
TJK,1990,5398768.0,52.7704931940028,3.52111815140047,76.0,31.658,139960.0,14.98685670999542
TJK,1995,5948584.0,51.4421960384021,3.65402054892218,83.0,28.877,139960.0,14.07824486744496
TJK,2000,6284735.0,54.1084187234292,3.61844185805433,62.2,26.501,139960.0,14.953513375650536
TJK,2005,6924720.0,57.7713653238951,3.6146590486445,41.4,26.51,139960.0,15.982521323984734
TJK,2010,7652141.0,59.9981273213684,3.18537669296584,29.9,26.52,139960.0,18.83548889331056
TKM,1990,3760562.0,55.221958845513,3.5515835133153,68.7,45.075,469930.0,15.548545779221987
TKM,1995,4191203.0,55.5674163757498,3.8861868673282,67.7,44.794,469930.0,14.298699026265062
TKM,2000,4582677.0,58.6892224784771,4.01246913103411,58.3,45.913,469930.0,14.626710028633036
TKM,2005,5052257.0,62.5259463245833,4.2053878098442,43.0,47.052,469930.0,14.868057157111451
TKM,2010,5564356.0,65.9249156596019,3.76863917405716,34.9,48.491,469930.0,17.493029344231402
TLS,1990,760345.0,55.5988765618743,2.18137962463068,164.4,20.842,14870.0,25.487941637525616
TLS,1995,868146.0,54.8001402989012,2.2368344513282,137.9,22.534,14870.0,24.498970080848704
TLS,2000,745088.0,55.0265203573269,2.36965298058753,83.9,24.263,14870.0,23.221341187131824
TLS,2005,948311.0,55.1939475519885,2.75526844846704,65.3,26.041,14870.0,20.03214880303115
TLS,2010,1084679.0,54.0078889662799,4.42674541189356,52.1,27.732,14870.0,12.20036029656781
TON,1990,99700.0,54.7991715103887,4.43934021735315,18.0,22.704,720.0,12.343990058743772
TON,1995,100225.0,55.0828390263858,5.00376654410848,15.4,22.864,720.0,11.00827517447657
TON,2000,102677.0,56.2742567748533,5.40137810133671,13.8,23.012,720.0,10.418499819689863
TON,2005,105671.0,56.0598461261841,5.66569825212215,12.0,23.155,720.0,9.894604977451149
TON,2010,107400.0,56.6469117640212,5.76957993286747,10.6,23.389,720.0,9.818203824739768
TTO,1990,1252208.0,61.8421772412502,4.49525777855685,29.6,54.124,5130.0,13.757203766210692
TTO,1995,1295169.0,64.5747911759812,4.65668779260166,27.8,55.04,5130.0,13.867107706592396
TTO,2000,1319774.0,69.1151405031693,4.90898255724747,26.1,55.905,5130.0,14.079320856646728
TTO,2005,1294494.0,72.6011799255123,5.29927305849074,24.3,54.967,5130.0,13.700214939705235
TTO,2010,1317714.0,73.4699139078674,6.22267703406906,22.3,54.025,5130.0,11.80680171984192
TUN,1990,8324509.0,58.1725180428059,4.18588651895265,37.3,57.946,155360.0,13.897299360461696
TUN,1995,9161258.0,61.0373563850425,4.66195774303279,31.1,61.474,155360.0,13.092644710532117
TUN,2000,9764935.0,64.3248744448952,5.48804956264176,23.9,63.432,155360.0,11.720898966140425
TUN,2005,10255472.0,67.8240081088414,6.15005793248434,18.9,65.237,155360.0,11.028190116811407
TUN,2010,10765980.0,69.3065378163437,6.50045327968285,16.7,66.657,155360.0,10.66180077517996
TUR,1990,56015628.0,59.4446281977293,4.74055655272272,60.8,59.203,769630.0,12.539588450555982
TUR,1995,61024503.0,61.691086297672,5.07970302584605,44.2,62.123,769630.0,12.144624593953903
TUR,2000,65425961.0,63.9724828499464,5.81220499143906,30.8,64.741,769630.0,11.006577184420207
TUR,2005,69329557.0,65.4804181532591,6.62991980916537,21.1,67.84,769630.0,9.87650228630779
TUR,2010,73142150.0,66.9098375689868,7.19502518236352,14.7,70.825,769630.0,9.299458427608636
TZA,1990,26110207.0,50.6982164235277,2.96662341601933,105.4,18.884,885800.0,17.089535581012672
TZA,1995,30383497.0,52.6428623406976,2.8526077824419,101.0,20.543,885800.0,18.454293879698405
TZA,2000,34260139.0,52.6569996207108,2.79254270965659,85.3,22.309,885800.0,18.856291593544235
TZA,2005,39182076.0,52.4449036339984,2.73058783306939,62.3,24.845,885800.0,19.206451811896603
TZA,2010,44758488.0,51.8627254774863,2.80859133142066,48.5,28.114,885800.0,18.465742914350148
UGA,1990,17569897.0,48.7157281367179,3.05991255782796,107.2,11.076,199810.0,15.920627539532743
UGA,1995,20665667.0,48.0716216884841,2.87463978601224,98.8,12.846,199810.0,16.722659278006464
UGA,2000,24000150.0,47.3479957416933,2.59212338256219,89.8,14.786,199810.0,18.266104175524266
UGA,2005,27963289.0,47.6734621596193,2.25065442051541,67.0,16.96,199810.0,21.182044531164344
UGA,2010,32390802.0,48.5537691927753,1.9638924340912,49.5,19.383,200520.0,24.723232469319925
UKR,1990,52054092.0,66.3389895808865,12.0367529219725,18.3,66.757,579320.0,5.511369221493942
UKR,1995,51665539.0,66.0794403015906,13.2992302664258,19.4,66.951,579320.0,4.968666530153223
UKR,2000,49556660.0,68.7246477062821,13.4141415099403,17.6,67.145,579320.0,5.123298248744057
UKR,2005,47585556.0,69.9660974855479,15.3340711202366,14.0,67.79,579320.0,4.562786812251876
UKR,2010,46456003.0,70.9888738274457,14.8995148689343,11.4,68.596,579300.0,4.764509076430301
URY,1990,3104403.0,62.7790270786364,11.6391621835181,20.8,88.973,175020.0,5.39377543579005
URY,1995,3189440.0,62.8977814287148,12.4392056285743,18.5,90.542,175020.0,5.056414638265268
URY,2000,3266206.0,62.5737686824149,13.0628146138341,14.7,92.028,175020.0,4.790220984698543
URY,2005,3285771.0,62.8085310875286,13.6687553697443,12.4,93.319,175020.0,4.5950439076958585
URY,2010,3318580.0,63.523238855173,14.1874838033135,9.2,94.414,175020.0,4.477414017581968
USA,1990,249623000.0,66.120737652688,12.3050798148742,9.4,75.3,9158960.0,5.373450529980491
USA,1995,266278000.0,65.8028464034546,12.4053596836067,7.9,77.257,9158960.0,5.304388432236352
USA,2000,282162411.0,66.6507446322982,12.1858169904893,7.1,79.057,9161920.0,5.469534351641527
USA,2005,295516599.0,67.5239128010789,12.1307281353119,6.8,79.928,9161920.0,5.566352823003295
USA,2010,309378227.0,67.4553923662808,12.8447616637143,6.2,80.772,9147420.0,5.251587700287063
UZB,1990,20464956.0,56.6246098941039,3.49213064518683,60.4,41.365,440650.0,16.214917380639537
UZB,1995,22917589.0,56.3876932339543,4.17218853545608,60.7,43.731,440560.0,13.515135463021524
UZB,2000,24787054.0,58.6392102377473,4.62465397007942,55.1,46.126,425400.0,12.679696819941812
UZB,2005,26356975.0,62.7444341155317,4.99995361758991,41.7,48.537,425400.0,12.54900323370918
UZB,2010,28385506.0,66.2630804209888,4.79886275765416,27.9,50.956,425400.0,13.808079907119568
VCT,1990,111812.0,56.2055056702322,6.29851894251064,19.7,41.409,390.0,8.923606673766427
VCT,1995,113047.0,59.6788960392755,6.62774497445764,18.9,43.38,390.0,9.0044044044044
VCT,2000,113545.0,61.5566515478445,7.02584878242107,19.5,45.186,390.0,8.761454089627076
VCT,2005,112450.0,63.9660469810893,7.61675240885909,20.0,47.032,390.0,8.398073555166373
VCT,2010,109959.0,65.8775810874102,8.46864953596129,19.3,48.961,390.0,7.778994845360823
VEN,1990,19827010.0,58.0723265888301,3.79999303979773,24.3,84.284,882050.0,15.282219198991278
VEN,1995,22193821.0,59.5721340541616,4.21663994263628,21.5,86.014,882050.0,14.127868365473146
VEN,2000,24526708.0,61.3093163583144,4.659577632677,17.5,87.559,882050.0,13.157698227487463
VEN,2005,26785804.0,63.086606679542,5.11497816371273,15.3,87.954,882050.0,12.333700098095884
VEN,2010,28813101.0,64.3667007587972,5.73832368824168,14.5,88.083,882050.0,11.216986746615586
VIR,1990,249623000.0,66.120737652688,12.3050798148742,9.4,75.3,9158960.0,5.373450529980491
VIR,1995,266278000.0,65.8028464034546,12.4053596836067,7.9,77.257,9158960.0,5.304388432236352
VIR,2000,282162411.0,66.6507446322982,12.1858169904893,7.1,79.057,9161920.0,5.469534351641527
VIR,2005,295516599.0,67.5239128010789,12.1307281353119,6.8,79.928,9161920.0,5.566352823003295
VIR,2010,309378227.0,67.4553923662808,12.8447616637143,6.2,80.772,9147420.0,5.251587700287063
VNM,1990,65504552.0,56.050174527946,5.47480802956405,37.2,20.257,325490.0,10.237833769745746
VNM,1995,72049940.0,58.3588473494912,5.56623919464749,28.4,22.166,325490.0,10.484430386248802
VNM,2000,77154011.0,62.5196074544952,5.98422229781561,21.7,24.374,311060.0,10.44740725579603
VNM,2005,81088313.0,66.0758536190043,6.19913131008164,18.1,27.281,312837.0,10.658889175576135
VNM,2010,87455152.0,69.3695865360201,6.04689250352508,16.5,30.417,313294.0,11.471939760063634
VUT,1990,148063.0,52.4180666948079,3.6849303503588,28.1,18.715,12190.0,14.224981671554248
VUT,1995,167137.0,51.8300800239324,3.13095505197816,23.7,20.164,12190.0,16.554079877699227
VUT,2000,186281.0,54.2591568651661,2.79309215647329,21.4,21.673,12190.0,19.42619642513932
VUT,2005,210760.0,56.9643196052382,2.88195103435187,19.8,23.099,12190.0,19.765887388870595
VUT,2010,238248.0,58.5542345669944,3.20611968646051,17.3,24.462,12190.0,18.26327158473521
WSM,1990,169042.0,54.7779687236566,3.72482496901648,22.8,21.2,2830.0,14.706185976336071
WSM,1995,174571.0,55.9023431794032,4.21319753337477,19.4,21.526,2830.0,13.26838885112169
WSM,2000,181685.0,55.0485730797809,4.46266890497289,16.4,21.977,2830.0,12.335347804637394
WSM,2005,186978.0,55.608265121391,4.74840690239787,15.0,21.218,2830.0,11.710930900489952
WSM,2010,193023.0,56.6783665116761,4.88155525910192,15.3,20.078,2830.0,11.610719023613688
YEM,1990,13887862.0,46.0992860563882,2.83822314904278,96.6,20.931,527970.0,16.242305004078226
YEM,1995,16740058.0,46.3266764069754,2.75982317385041,87.9,23.76,527970.0,16.78610312643401
YEM,2000,19624141.0,48.2019378122573,2.75108354427038,75.9,26.267,527970.0,17.52107380113788
YEM,2005,22790085.0,50.7154690296241,2.76473080289082,58.7,28.936,527970.0,18.3437277063632
YEM,2010,26754387.0,53.7240771018226,2.7517393689491,46.6,31.776,527970.0,19.523679352794243
ZAF,1990,40746268.0,58.3150849338531,3.95299152247503,52.8,52.037,1213090.0,14.752140145582986
ZAF,1995,44541554.0,58.3180286175239,4.18975498486475,46.7,54.486,1213090.0,13.91919785958712
ZAF,2000,47159719.0,60.3490444922821,4.74652112268227,46.9,56.891,1213090.0,12.714373945138732
ZAF,2005,49490033.0,63.8361563007662,5.09560889862014,47.9,59.536,1213090.0,12.527679727942354
ZAF,2010,52344051.0,65.3494310174809,5.24736994467623,35.4,62.218,1213090.0,12.453749536714446
ZMB,1990,7786169.0,48.7299145446239,2.88028682655103,101.6,39.407,743390.0,16.918424267827188
ZMB,1995,8785763.0,49.1269711505437,2.66007615615877,98.6,37.104,743390.0,18.46825739812071
ZMB,2000,10017631.0,49.6160844007888,2.36227994611301,89.4,34.802,743390.0,21.00347356477757
ZMB,2005,11718819.0,50.820364236362,2.06377024852078,61.2,36.911,743390.0,24.625010595432222
ZMB,2010,13965594.0,51.913735284013,1.83336276280121,49.0,39.355,743390.0,28.316128339321992
ZWE,1990,10137281.0,49.793305039423,3.07197250071432,52.8,28.988,386850.0,16.208903246316382
ZWE,1995,10974599.0,50.6142616515766,3.46773506110497,57.9,31.732,386850.0,14.595769503639271
ZWE,2000,11892055.0,54.7097368789498,3.43720240109888,59.3,33.758,386850.0,15.916937815899056
ZWE,2005,12483432.0,54.883895505815,3.22261951771834,66.6,34.11,386850.0,17.030833210081706
ZWE,2010,13356548.0,53.8588022091787,3.10210029949731,67.6,33.196,386850.0,17.36204410215441
